utc_date,mom-3|base,mom-3|gross_reference,mom-3|cost_stress,mom-3|delay_stress,mom-3|combined_stress,mom-6|base,mom-6|gross_reference,mom-6|cost_stress,mom-6|delay_stress,mom-6|combined_stress,mom-12|base,mom-12|gross_reference,mom-12|cost_stress,mom-12|delay_stress,mom-12|combined_stress,revert-6-0.5|base,revert-6-0.5|gross_reference,revert-6-0.5|cost_stress,revert-6-0.5|delay_stress,revert-6-0.5|combined_stress,revert-6-1|base,revert-6-1|gross_reference,revert-6-1|cost_stress,revert-6-1|delay_stress,revert-6-1|combined_stress,revert-6-1.5|base,revert-6-1.5|gross_reference,revert-6-1.5|cost_stress,revert-6-1.5|delay_stress,revert-6-1.5|combined_stress,revert-12-0.5|base,revert-12-0.5|gross_reference,revert-12-0.5|cost_stress,revert-12-0.5|delay_stress,revert-12-0.5|combined_stress,revert-12-1|base,revert-12-1|gross_reference,revert-12-1|cost_stress,revert-12-1|delay_stress,revert-12-1|combined_stress,revert-12-1.5|base,revert-12-1.5|gross_reference,revert-12-1.5|cost_stress,revert-12-1.5|delay_stress,revert-12-1.5|combined_stress,flat|base,flat|gross_reference,flat|cost_stress,flat|delay_stress,flat|combined_stress,intraday_long|base,intraday_long|gross_reference,intraday_long|cost_stress,intraday_long|delay_stress,intraday_long|combined_stress
2020-01-02 00:00:00+00:00,-165.0,-75.0,-255.0,20.0,-70.0,-165.0,-90.0,-240.0,-165.0,-240.0,-260.0,-200.0,-320.0,-110.0,-170.0,180.0,270.0,90.0,-40.0,-115.0,95.0,140.0,50.0,-80.0,-125.0,30.0,45.0,15.0,-50.0,-65.0,135.0,195.0,75.0,-15.0,-75.0,125.0,185.0,65.0,-40.0,-100.0,55.0,70.0,40.0,-40.0,-55.0,0.0,0.0,0.0,0.0,0.0,30.0,45.0,15.0,25.0,10.0
2020-01-03 00:00:00+00:00,-90.0,-15.0,-165.0,-180.0,-240.0,-35.0,25.0,-95.0,-55.0,-100.0,-105.0,-60.0,-150.0,-75.0,-120.0,20.0,95.0,-55.0,15.0,-60.0,5.0,80.0,-70.0,15.0,-60.0,45.0,60.0,30.0,-10.0,-25.0,50.0,110.0,-10.0,-55.0,-115.0,75.0,120.0,30.0,-35.0,-80.0,65.0,95.0,35.0,-70.0,-100.0,0.0,0.0,0.0,0.0,0.0,75.0,90.0,60.0,40.0,25.0
2020-01-06 00:00:00+00:00,-10.0,80.0,-100.0,-65.0,-155.0,10.0,55.0,-35.0,-15.0,-60.0,85.0,115.0,55.0,55.0,25.0,20.0,80.0,-40.0,-85.0,-145.0,-40.0,5.0,-85.0,-25.0,-70.0,-40.0,-10.0,-70.0,-20.0,-50.0,-25.0,35.0,-85.0,-95.0,-155.0,-40.0,-25.0,-55.0,10.0,-5.0,5.0,20.0,-10.0,0.0,0.0,0.0,0.0,0.0,0.0,0.0,65.0,80.0,50.0,50.0,35.0
2020-01-07 00:00:00+00:00,-100.0,-40.0,-160.0,-115.0,-175.0,-80.0,-35.0,-125.0,-105.0,-150.0,-5.0,25.0,-35.0,-70.0,-100.0,-65.0,-35.0,-95.0,60.0,30.0,-65.0,-35.0,-95.0,60.0,30.0,-20.0,10.0,-50.0,60.0,30.0,35.0,65.0,5.0,65.0,35.0,60.0,90.0,30.0,70.0,40.0,90.0,120.0,60.0,140.0,110.0,0.0,0.0,0.0,0.0,0.0,95.0,110.0,80.0,85.0,70.0
2020-01-08 00:00:00+00:00,-30.0,45.0,-105.0,-140.0,-215.0,-10.0,35.0,-55.0,-10.0,-55.0,-100.0,-40.0,-160.0,-55.0,-115.0,-80.0,-50.0,-110.0,-65.0,-95.0,-80.0,-50.0,-110.0,-65.0,-95.0,-110.0,-95.0,-125.0,-65.0,-80.0,-60.0,-45.0,-75.0,-40.0,-55.0,-60.0,-45.0,-75.0,-40.0,-55.0,-10.0,5.0,-25.0,-30.0,-45.0,0.0,0.0,0.0,0.0,0.0,-15.0,0.0,-30.0,-55.0,-70.0
2020-01-09 00:00:00+00:00,-140.0,-80.0,-200.0,-120.0,-180.0,-30.0,0.0,-60.0,-55.0,-85.0,-10.0,5.0,-25.0,-25.0,-40.0,-215.0,-170.0,-260.0,-290.0,-335.0,-260.0,-230.0,-290.0,-295.0,-325.0,-240.0,-210.0,-270.0,-280.0,-310.0,-255.0,-225.0,-285.0,-330.0,-360.0,-245.0,-215.0,-275.0,-300.0,-330.0,-155.0,-125.0,-185.0,-250.0,-280.0,0.0,0.0,0.0,0.0,0.0,-230.0,-215.0,-245.0,-310.0,-325.0
2020-01-10 00:00:00+00:00,-190.0,-115.0,-265.0,-220.0,-295.0,-120.0,-75.0,-165.0,-15.0,-60.0,-60.0,-30.0,-90.0,-40.0,-70.0,55.0,115.0,-5.0,45.0,-15.0,15.0,60.0,-30.0,60.0,15.0,30.0,75.0,-15.0,20.0,-10.0,15.0,60.0,-30.0,60.0,15.0,25.0,70.0,-20.0,-65.0,-110.0,15.0,45.0,-15.0,15.0,-15.0,0.0,0.0,0.0,0.0,0.0,0.0,15.0,-15.0,20.0,5.0
2020-01-13 00:00:00+00:00,-110.0,-65.0,-155.0,-150.0,-195.0,-165.0,-135.0,-195.0,-175.0,-205.0,-20.0,10.0,-50.0,-60.0,-90.0,-115.0,-70.0,-160.0,-105.0,-150.0,-105.0,-75.0,-135.0,-70.0,-100.0,-105.0,-75.0,-135.0,-70.0,-100.0,-95.0,-50.0,-140.0,-75.0,-120.0,-35.0,10.0,-80.0,-10.0,-55.0,-45.0,-15.0,-75.0,-5.0,-35.0,0.0,0.0,0.0,0.0,0.0,-210.0,-195.0,-225.0,-230.0,-245.0
2020-01-14 00:00:00+00:00,-60.0,-15.0,-105.0,-70.0,-115.0,50.0,80.0,20.0,75.0,45.0,-225.0,-180.0,-270.0,-180.0,-225.0,-95.0,-65.0,-125.0,-30.0,-60.0,-95.0,-65.0,-125.0,-30.0,-60.0,-10.0,5.0,-25.0,15.0,0.0,-110.0,-80.0,-140.0,-135.0,-165.0,35.0,65.0,5.0,-20.0,-50.0,45.0,75.0,15.0,20.0,-10.0,0.0,0.0,0.0,0.0,0.0,-15.0,0.0,-30.0,25.0,10.0
2020-01-15 00:00:00+00:00,15.0,45.0,-15.0,55.0,25.0,-40.0,5.0,-85.0,65.0,20.0,45.0,60.0,30.0,60.0,45.0,-90.0,-60.0,-120.0,-155.0,-185.0,-90.0,-75.0,-105.0,-165.0,-180.0,-90.0,-75.0,-105.0,-165.0,-180.0,-175.0,-160.0,-190.0,-180.0,-195.0,-175.0,-160.0,-190.0,-145.0,-160.0,-100.0,-85.0,-115.0,-90.0,-105.0,0.0,0.0,0.0,0.0,0.0,-115.0,-100.0,-130.0,-70.0,-85.0
2020-01-16 00:00:00+00:00,-150.0,-75.0,-225.0,-155.0,-215.0,-80.0,-35.0,-125.0,-85.0,-130.0,-30.0,-15.0,-45.0,-75.0,-90.0,-150.0,-105.0,-195.0,-180.0,-225.0,-125.0,-95.0,-155.0,-165.0,-195.0,-110.0,-80.0,-140.0,-135.0,-165.0,-210.0,-195.0,-225.0,-210.0,-225.0,-210.0,-195.0,-225.0,-210.0,-225.0,-175.0,-160.0,-190.0,-200.0,-215.0,0.0,0.0,0.0,0.0,0.0,-120.0,-105.0,-135.0,-85.0,-100.0
2020-01-17 00:00:00+00:00,-65.0,-5.0,-125.0,-125.0,-185.0,-100.0,-70.0,-130.0,-85.0,-115.0,-235.0,-190.0,-280.0,-280.0,-325.0,-215.0,-170.0,-260.0,-165.0,-210.0,-170.0,-125.0,-215.0,-130.0,-175.0,-125.0,-80.0,-170.0,-60.0,-90.0,-145.0,-130.0,-160.0,-170.0,-185.0,-145.0,-130.0,-160.0,-170.0,-185.0,-145.0,-130.0,-160.0,-125.0,-140.0,0.0,0.0,0.0,0.0,0.0,-240.0,-225.0,-255.0,-245.0,-260.0
2020-01-20 00:00:00+00:00,-100.0,-40.0,-160.0,-175.0,-235.0,-70.0,-25.0,-115.0,-150.0,-195.0,-40.0,-25.0,-55.0,-50.0,-65.0,-275.0,-215.0,-335.0,-160.0,-205.0,-190.0,-145.0,-235.0,-140.0,-185.0,-95.0,-65.0,-125.0,-95.0,-125.0,-200.0,-170.0,-230.0,-160.0,-190.0,-200.0,-170.0,-230.0,-160.0,-190.0,-75.0,-45.0,-105.0,-90.0,-120.0,0.0,0.0,0.0,0.0,0.0,-295.0,-280.0,-310.0,-230.0,-245.0
2020-01-21 00:00:00+00:00,-80.0,40.0,-200.0,-130.0,-250.0,-25.0,50.0,-100.0,-110.0,-170.0,0.0,90.0,-90.0,-25.0,-115.0,55.0,130.0,-20.0,60.0,-15.0,30.0,90.0,-30.0,10.0,-50.0,0.0,30.0,-30.0,0.0,-30.0,0.0,75.0,-75.0,-20.0,-95.0,40.0,85.0,-5.0,20.0,-25.0,75.0,105.0,45.0,-35.0,-65.0,0.0,0.0,0.0,0.0,0.0,120.0,135.0,105.0,160.0,145.0
2020-01-22 00:00:00+00:00,105.0,195.0,15.0,150.0,60.0,205.0,250.0,160.0,225.0,180.0,210.0,240.0,180.0,230.0,200.0,-70.0,-40.0,-100.0,-25.0,-55.0,0.0,0.0,0.0,0.0,0.0,0.0,0.0,0.0,0.0,0.0,0.0,0.0,0.0,0.0,0.0,0.0,0.0,0.0,0.0,0.0,0.0,0.0,0.0,0.0,0.0,0.0,0.0,0.0,0.0,0.0,155.0,170.0,140.0,130.0,115.0
2020-01-23 00:00:00+00:00,0.0,60.0,-60.0,-10.0,-70.0,35.0,80.0,-10.0,30.0,-15.0,25.0,55.0,-5.0,30.0,0.0,0.0,45.0,-45.0,20.0,-25.0,35.0,65.0,5.0,35.0,5.0,35.0,50.0,20.0,50.0,35.0,-15.0,0.0,-30.0,-10.0,-25.0,35.0,50.0,20.0,50.0,35.0,35.0,50.0,20.0,50.0,35.0,0.0,0.0,0.0,0.0,0.0,90.0,105.0,75.0,110.0,95.0
2020-01-24 00:00:00+00:00,-45.0,0.0,-90.0,55.0,10.0,45.0,75.0,15.0,5.0,-25.0,-160.0,-115.0,-205.0,-180.0,-225.0,-60.0,-30.0,-90.0,-100.0,-130.0,-45.0,-15.0,-75.0,-85.0,-115.0,-45.0,-15.0,-75.0,-85.0,-115.0,-95.0,-80.0,-110.0,-80.0,-95.0,-95.0,-80.0,-110.0,-80.0,-95.0,20.0,35.0,5.0,30.0,15.0,0.0,0.0,0.0,0.0,0.0,-155.0,-140.0,-170.0,-175.0,-190.0
2020-01-27 00:00:00+00:00,-10.0,50.0,-70.0,-15.0,-75.0,-45.0,15.0,-105.0,30.0,-30.0,45.0,60.0,30.0,35.0,20.0,40.0,85.0,-5.0,-45.0,-90.0,10.0,40.0,-20.0,-35.0,-65.0,0.0,0.0,0.0,0.0,0.0,0.0,0.0,0.0,0.0,0.0,0.0,0.0,0.0,0.0,0.0,0.0,0.0,0.0,0.0,0.0,0.0,0.0,0.0,0.0,0.0,90.0,105.0,75.0,80.0,65.0
2020-01-28 00:00:00+00:00,-90.0,-30.0,-150.0,-25.0,-85.0,-175.0,-130.0,-220.0,-290.0,-335.0,-115.0,-100.0,-130.0,-65.0,-80.0,-230.0,-200.0,-260.0,-170.0,-200.0,-155.0,-125.0,-185.0,-140.0,-170.0,-55.0,-40.0,-70.0,-65.0,-80.0,-105.0,-75.0,-135.0,-140.0,-170.0,-70.0,-40.0,-100.0,-80.0,-110.0,-60.0,-30.0,-90.0,-110.0,-140.0,0.0,0.0,0.0,0.0,0.0,-300.0,-285.0,-315.0,-280.0,-295.0
2020-01-29 00:00:00+00:00,10.0,70.0,-50.0,90.0,30.0,35.0,95.0,-25.0,-50.0,-110.0,-45.0,15.0,-105.0,95.0,35.0,5.0,65.0,-55.0,-70.0,-130.0,30.0,75.0,-15.0,5.0,-40.0,-35.0,-20.0,-50.0,-45.0,-60.0,40.0,85.0,-5.0,0.0,-45.0,40.0,85.0,-5.0,0.0,-45.0,10.0,40.0,-20.0,-55.0,-85.0,0.0,0.0,0.0,0.0,0.0,110.0,125.0,95.0,105.0,90.0
2020-01-30 00:00:00+00:00,-230.0,-155.0,-305.0,-175.0,-250.0,-180.0,-135.0,-225.0,-200.0,-245.0,-140.0,-95.0,-185.0,-160.0,-205.0,-70.0,-10.0,-130.0,-15.0,-75.0,-45.0,0.0,-90.0,-15.0,-60.0,-15.0,15.0,-45.0,10.0,-20.0,-40.0,5.0,-85.0,-30.0,-75.0,-30.0,0.0,-60.0,35.0,5.0,20.0,50.0,-10.0,40.0,10.0,0.0,0.0,0.0,0.0,0.0,-145.0,-130.0,-160.0,-125.0,-140.0
2020-01-31 00:00:00+00:00,130.0,175.0,85.0,95.0,50.0,100.0,115.0,85.0,40.0,25.0,-5.0,25.0,-35.0,10.0,-20.0,-185.0,-155.0,-215.0,-150.0,-180.0,-185.0,-155.0,-215.0,-150.0,-180.0,-210.0,-195.0,-225.0,-140.0,-155.0,25.0,40.0,10.0,-10.0,-25.0,25.0,40.0,10.0,-10.0,-25.0,0.0,0.0,0.0,0.0,0.0,0.0,0.0,0.0,0.0,0.0,35.0,50.0,20.0,35.0,20.0
2020-02-03 00:00:00+00:00,-160.0,-70.0,-250.0,-195.0,-285.0,-150.0,-105.0,-195.0,-145.0,-190.0,-190.0,-115.0,-265.0,-150.0,-225.0,-45.0,30.0,-120.0,30.0,-45.0,25.0,70.0,-20.0,70.0,25.0,-5.0,25.0,-35.0,40.0,10.0,70.0,115.0,25.0,85.0,40.0,80.0,110.0,50.0,55.0,25.0,80.0,110.0,50.0,55.0,25.0,0.0,0.0,0.0,0.0,0.0,45.0,60.0,30.0,55.0,40.0
2020-02-04 00:00:00+00:00,-95.0,-35.0,-155.0,-40.0,-100.0,-90.0,-45.0,-135.0,-110.0,-155.0,-110.0,-35.0,-185.0,-145.0,-220.0,-90.0,-15.0,-165.0,-110.0,-170.0,-20.0,40.0,-80.0,-20.0,-65.0,-15.0,30.0,-60.0,-5.0,-35.0,10.0,55.0,-35.0,5.0,-40.0,15.0,60.0,-30.0,50.0,20.0,30.0,60.0,0.0,25.0,-5.0,0.0,0.0,0.0,0.0,0.0,-35.0,-20.0,-50.0,-10.0,-25.0
2020-02-05 00:00:00+00:00,-190.0,-115.0,-265.0,-170.0,-245.0,-70.0,-25.0,-115.0,-60.0,-105.0,-100.0,-55.0,-145.0,-70.0,-115.0,-90.0,-45.0,-135.0,-135.0,-180.0,-90.0,-45.0,-135.0,-135.0,-180.0,-115.0,-85.0,-145.0,-85.0,-115.0,-115.0,-85.0,-145.0,-85.0,-115.0,-130.0,-100.0,-160.0,-140.0,-170.0,-130.0,-100.0,-160.0,-140.0,-170.0,0.0,0.0,0.0,0.0,0.0,-120.0,-105.0,-135.0,-140.0,-155.0
2020-02-06 00:00:00+00:00,-75.0,-15.0,-135.0,-60.0,-120.0,-170.0,-80.0,-260.0,-135.0,-210.0,-155.0,-95.0,-215.0,-90.0,-135.0,-35.0,25.0,-95.0,-35.0,-95.0,-55.0,-10.0,-100.0,-45.0,-90.0,-55.0,-10.0,-100.0,-10.0,-55.0,-15.0,45.0,-75.0,10.0,-50.0,35.0,95.0,-25.0,40.0,-20.0,30.0,75.0,-15.0,15.0,-30.0,0.0,0.0,0.0,0.0,0.0,-90.0,-75.0,-105.0,-25.0,-40.0
2020-02-07 00:00:00+00:00,-165.0,-105.0,-225.0,-30.0,-90.0,-130.0,-100.0,-160.0,-135.0,-165.0,-175.0,-145.0,-205.0,-105.0,-135.0,-85.0,-25.0,-145.0,-90.0,-150.0,30.0,90.0,-30.0,30.0,-30.0,0.0,45.0,-45.0,50.0,5.0,-55.0,-25.0,-85.0,-15.0,-45.0,-55.0,-25.0,-85.0,-15.0,-45.0,10.0,40.0,-20.0,90.0,60.0,0.0,0.0,0.0,0.0,0.0,-45.0,-30.0,-60.0,-55.0,-70.0
2020-02-10 00:00:00+00:00,-45.0,30.0,-120.0,40.0,-35.0,-15.0,45.0,-75.0,-60.0,-120.0,100.0,145.0,55.0,160.0,115.0,125.0,185.0,65.0,30.0,-15.0,-5.0,10.0,-20.0,10.0,-5.0,0.0,0.0,0.0,0.0,0.0,-10.0,5.0,-25.0,0.0,-15.0,55.0,70.0,40.0,30.0,15.0,0.0,0.0,0.0,0.0,0.0,0.0,0.0,0.0,0.0,0.0,170.0,185.0,155.0,155.0,140.0
2020-02-11 00:00:00+00:00,70.0,115.0,25.0,-25.0,-70.0,-95.0,-50.0,-140.0,-90.0,-135.0,5.0,50.0,-40.0,-100.0,-145.0,115.0,175.0,55.0,25.0,-35.0,80.0,125.0,35.0,-10.0,-55.0,40.0,55.0,25.0,25.0,10.0,120.0,150.0,90.0,70.0,40.0,95.0,110.0,80.0,65.0,50.0,0.0,0.0,0.0,0.0,0.0,0.0,0.0,0.0,0.0,0.0,95.0,110.0,80.0,30.0,15.0
2020-02-12 00:00:00+00:00,-195.0,-135.0,-255.0,-190.0,-250.0,-40.0,5.0,-85.0,-65.0,-110.0,-115.0,-100.0,-130.0,-130.0,-145.0,-80.0,-20.0,-140.0,-5.0,-50.0,-80.0,-20.0,-140.0,-5.0,-50.0,-25.0,5.0,-55.0,0.0,-15.0,-190.0,-145.0,-235.0,-200.0,-245.0,-115.0,-70.0,-160.0,-150.0,-195.0,-95.0,-65.0,-125.0,-115.0,-145.0,0.0,0.0,0.0,0.0,0.0,-160.0,-145.0,-175.0,-190.0,-205.0
2020-02-14 00:00:00+00:00,-145.0,-70.0,-220.0,-145.0,-220.0,-115.0,-55.0,-175.0,-50.0,-110.0,-45.0,0.0,-90.0,-50.0,-95.0,-35.0,25.0,-95.0,0.0,-45.0,-60.0,-15.0,-105.0,35.0,5.0,0.0,0.0,0.0,0.0,0.0,20.0,35.0,5.0,15.0,0.0,0.0,0.0,0.0,0.0,0.0,0.0,0.0,0.0,0.0,0.0,0.0,0.0,0.0,0.0,0.0,-15.0,0.0,-30.0,40.0,25.0
2020-02-17 00:00:00+00:00,-145.0,-70.0,-220.0,-50.0,-125.0,-195.0,-105.0,-285.0,-100.0,-190.0,-165.0,-75.0,-255.0,-200.0,-290.0,35.0,110.0,-40.0,-20.0,-95.0,25.0,70.0,-20.0,10.0,-35.0,45.0,75.0,15.0,-5.0,-35.0,15.0,75.0,-45.0,-15.0,-75.0,10.0,55.0,-35.0,-45.0,-90.0,-15.0,15.0,-45.0,10.0,-20.0,0.0,0.0,0.0,0.0,0.0,-15.0,0.0,-30.0,-20.0,-35.0
2020-02-18 00:00:00+00:00,-195.0,-135.0,-255.0,-120.0,-180.0,-170.0,-110.0,-230.0,-115.0,-175.0,-130.0,-100.0,-160.0,-95.0,-125.0,-180.0,-105.0,-255.0,-285.0,-345.0,-170.0,-110.0,-230.0,-230.0,-275.0,-100.0,-70.0,-130.0,-120.0,-135.0,-240.0,-225.0,-255.0,-270.0,-285.0,-240.0,-225.0,-255.0,-270.0,-285.0,-225.0,-210.0,-240.0,-220.0,-235.0,0.0,0.0,0.0,0.0,0.0,-290.0,-275.0,-305.0,-295.0,-310.0
2020-02-19 00:00:00+00:00,320.0,380.0,260.0,250.0,190.0,250.0,280.0,220.0,220.0,190.0,325.0,340.0,310.0,280.0,265.0,-35.0,-5.0,-65.0,20.0,-10.0,-35.0,-5.0,-65.0,20.0,-10.0,-35.0,-5.0,-65.0,20.0,-10.0,25.0,55.0,-5.0,75.0,45.0,5.0,20.0,-10.0,0.0,-15.0,5.0,20.0,-10.0,0.0,-15.0,0.0,0.0,0.0,0.0,0.0,335.0,350.0,320.0,345.0,330.0
2020-02-20 00:00:00+00:00,-130.0,-55.0,-205.0,-60.0,-135.0,-110.0,-80.0,-140.0,-110.0,-140.0,-20.0,-5.0,-35.0,10.0,-5.0,-65.0,10.0,-140.0,-120.0,-195.0,-65.0,10.0,-140.0,-120.0,-195.0,-20.0,10.0,-50.0,-40.0,-70.0,-50.0,-20.0,-80.0,-115.0,-145.0,-50.0,-20.0,-80.0,-115.0,-145.0,-50.0,-20.0,-80.0,-115.0,-145.0,0.0,0.0,0.0,0.0,0.0,-60.0,-45.0,-75.0,-65.0,-80.0
2020-02-21 00:00:00+00:00,-160.0,-70.0,-250.0,-150.0,-240.0,-100.0,-70.0,-130.0,-70.0,-100.0,-120.0,-90.0,-150.0,-190.0,-220.0,-30.0,45.0,-105.0,-65.0,-140.0,30.0,75.0,-15.0,65.0,20.0,-50.0,-20.0,-80.0,-5.0,-35.0,25.0,70.0,-20.0,5.0,-40.0,40.0,85.0,-5.0,55.0,10.0,115.0,160.0,70.0,85.0,55.0,0.0,0.0,0.0,0.0,0.0,-5.0,10.0,-20.0,-50.0,-65.0
2020-02-24 00:00:00+00:00,-95.0,-20.0,-170.0,-130.0,-205.0,-160.0,-85.0,-235.0,-135.0,-210.0,-50.0,-35.0,-65.0,-50.0,-65.0,-5.0,40.0,-50.0,5.0,-40.0,-15.0,30.0,-60.0,30.0,-15.0,5.0,35.0,-25.0,15.0,-15.0,10.0,40.0,-20.0,15.0,-15.0,45.0,75.0,15.0,45.0,15.0,55.0,85.0,25.0,35.0,5.0,0.0,0.0,0.0,0.0,0.0,-65.0,-50.0,-80.0,-45.0,-60.0
2020-02-25 00:00:00+00:00,-70.0,20.0,-160.0,10.0,-80.0,-90.0,-15.0,-165.0,0.0,-60.0,10.0,25.0,-5.0,10.0,-5.0,-40.0,20.0,-100.0,-145.0,-205.0,-25.0,35.0,-85.0,-150.0,-210.0,25.0,40.0,10.0,-15.0,-30.0,-80.0,-50.0,-110.0,-60.0,-90.0,-80.0,-50.0,-110.0,-60.0,-90.0,-25.0,5.0,-55.0,-85.0,-115.0,0.0,0.0,0.0,0.0,0.0,50.0,65.0,35.0,35.0,20.0
2020-02-26 00:00:00+00:00,-105.0,-30.0,-180.0,5.0,-70.0,10.0,40.0,-20.0,20.0,-10.0,-55.0,-25.0,-85.0,-75.0,-105.0,-60.0,0.0,-120.0,-60.0,-120.0,-40.0,20.0,-100.0,-25.0,-85.0,15.0,30.0,0.0,-10.0,-25.0,0.0,45.0,-45.0,5.0,-40.0,0.0,45.0,-45.0,5.0,-40.0,20.0,65.0,-25.0,40.0,-5.0,0.0,0.0,0.0,0.0,0.0,35.0,50.0,20.0,60.0,45.0
2020-02-27 00:00:00+00:00,-120.0,-45.0,-195.0,-90.0,-150.0,75.0,120.0,30.0,40.0,10.0,-20.0,25.0,-65.0,-75.0,-105.0,35.0,95.0,-25.0,60.0,0.0,45.0,90.0,0.0,35.0,-10.0,30.0,45.0,15.0,10.0,-5.0,85.0,130.0,40.0,35.0,-10.0,35.0,65.0,5.0,-35.0,-65.0,40.0,70.0,10.0,-85.0,-115.0,0.0,0.0,0.0,0.0,0.0,130.0,145.0,115.0,95.0,80.0
2020-02-28 00:00:00+00:00,-285.0,-210.0,-360.0,-245.0,-320.0,-210.0,-165.0,-255.0,-295.0,-340.0,-220.0,-175.0,-265.0,-230.0,-275.0,-100.0,-55.0,-145.0,-150.0,-195.0,-70.0,-40.0,-100.0,-85.0,-115.0,-95.0,-80.0,-110.0,-100.0,-115.0,10.0,40.0,-20.0,-10.0,-40.0,30.0,60.0,0.0,15.0,-15.0,20.0,35.0,5.0,-20.0,-35.0,0.0,0.0,0.0,0.0,0.0,-205.0,-190.0,-220.0,-205.0,-220.0
2020-03-02 00:00:00+00:00,-45.0,0.0,-90.0,-40.0,-85.0,-90.0,-60.0,-120.0,-95.0,-125.0,-55.0,-25.0,-85.0,-140.0,-170.0,-360.0,-315.0,-405.0,-40.0,-70.0,-360.0,-315.0,-405.0,-40.0,-70.0,-315.0,-285.0,-345.0,-50.0,-65.0,-40.0,-25.0,-55.0,-25.0,-40.0,-30.0,-15.0,-45.0,-25.0,-40.0,-30.0,-15.0,-45.0,-25.0,-40.0,0.0,0.0,0.0,0.0,0.0,-290.0,-275.0,-305.0,-250.0,-265.0
2020-03-03 00:00:00+00:00,-220.0,-130.0,-310.0,-190.0,-280.0,-55.0,5.0,-115.0,-150.0,-210.0,-135.0,-105.0,-165.0,-25.0,-40.0,-25.0,5.0,-55.0,-75.0,-105.0,5.0,35.0,-25.0,-10.0,-40.0,5.0,35.0,-25.0,-10.0,-40.0,-50.0,-35.0,-65.0,-50.0,-65.0,-50.0,-35.0,-65.0,-50.0,-65.0,-20.0,-5.0,-35.0,30.0,15.0,0.0,0.0,0.0,0.0,0.0,-10.0,5.0,-25.0,-25.0,-40.0
2020-03-04 00:00:00+00:00,-340.0,-250.0,-430.0,-245.0,-335.0,-285.0,-225.0,-345.0,-265.0,-325.0,-130.0,-100.0,-160.0,-170.0,-200.0,-245.0,-185.0,-305.0,-335.0,-395.0,-195.0,-150.0,-240.0,-185.0,-230.0,-205.0,-175.0,-235.0,-180.0,-210.0,-235.0,-190.0,-280.0,-200.0,-245.0,-205.0,-160.0,-250.0,-250.0,-295.0,-195.0,-150.0,-240.0,-185.0,-230.0,0.0,0.0,0.0,0.0,0.0,-365.0,-350.0,-380.0,-405.0,-420.0
2020-03-05 00:00:00+00:00,-55.0,-10.0,-100.0,-120.0,-165.0,-200.0,-140.0,-260.0,-135.0,-195.0,-165.0,-135.0,-195.0,-65.0,-95.0,-145.0,-100.0,-190.0,-175.0,-220.0,-180.0,-150.0,-210.0,-55.0,-85.0,-180.0,-150.0,-210.0,-55.0,-85.0,-40.0,5.0,-85.0,-200.0,-245.0,-10.0,35.0,-55.0,-165.0,-210.0,-45.0,-15.0,-75.0,-85.0,-115.0,0.0,0.0,0.0,0.0,0.0,-250.0,-235.0,-265.0,-265.0,-280.0
2020-03-06 00:00:00+00:00,-175.0,-130.0,-220.0,-175.0,-220.0,-165.0,-135.0,-195.0,-200.0,-230.0,-60.0,-45.0,-75.0,-110.0,-125.0,-230.0,-200.0,-260.0,-180.0,-210.0,-205.0,-175.0,-235.0,-175.0,-205.0,-250.0,-235.0,-265.0,-230.0,-245.0,-215.0,-185.0,-245.0,-190.0,-220.0,-195.0,-180.0,-210.0,-245.0,-260.0,-195.0,-180.0,-210.0,-245.0,-260.0,0.0,0.0,0.0,0.0,0.0,-295.0,-280.0,-310.0,-325.0,-340.0
2020-03-09 00:00:00+00:00,65.0,110.0,20.0,-35.0,-80.0,-65.0,-20.0,-110.0,30.0,-15.0,-25.0,5.0,-55.0,-60.0,-90.0,-90.0,-45.0,-135.0,-215.0,-260.0,-100.0,-70.0,-130.0,-145.0,-175.0,-130.0,-115.0,-145.0,-160.0,-175.0,-135.0,-105.0,-165.0,-135.0,-165.0,-135.0,-105.0,-165.0,-135.0,-165.0,-70.0,-55.0,-85.0,-60.0,-75.0,0.0,0.0,0.0,0.0,0.0,-90.0,-75.0,-105.0,-45.0,-60.0
2020-03-10 00:00:00+00:00,95.0,140.0,50.0,-25.0,-70.0,-100.0,-55.0,-145.0,-60.0,-105.0,-145.0,-115.0,-175.0,-185.0,-215.0,-295.0,-265.0,-325.0,-240.0,-270.0,-295.0,-265.0,-325.0,-240.0,-270.0,-190.0,-160.0,-220.0,-115.0,-145.0,-195.0,-165.0,-225.0,-150.0,-180.0,-240.0,-225.0,-255.0,-195.0,-210.0,-210.0,-195.0,-225.0,-160.0,-175.0,0.0,0.0,0.0,0.0,0.0,-260.0,-245.0,-275.0,-220.0,-235.0
2020-03-11 00:00:00+00:00,-105.0,-30.0,-180.0,-125.0,-200.0,-145.0,-115.0,-175.0,-65.0,-95.0,10.0,40.0,-20.0,45.0,15.0,-190.0,-145.0,-235.0,-265.0,-310.0,-190.0,-145.0,-235.0,-265.0,-310.0,-195.0,-165.0,-225.0,-285.0,-315.0,-185.0,-155.0,-215.0,-205.0,-220.0,-200.0,-185.0,-215.0,-205.0,-220.0,-200.0,-185.0,-215.0,-205.0,-220.0,0.0,0.0,0.0,0.0,0.0,-190.0,-175.0,-205.0,-175.0,-190.0
2020-03-12 00:00:00+00:00,-5.0,70.0,-80.0,-40.0,-115.0,20.0,65.0,-25.0,-5.0,-50.0,35.0,65.0,5.0,15.0,-15.0,30.0,75.0,-15.0,5.0,-40.0,50.0,95.0,5.0,-30.0,-60.0,15.0,45.0,-15.0,-30.0,-60.0,-15.0,15.0,-45.0,45.0,15.0,15.0,30.0,0.0,0.0,-15.0,15.0,30.0,0.0,0.0,-15.0,0.0,0.0,0.0,0.0,0.0,95.0,110.0,80.0,105.0,90.0
2020-03-13 00:00:00+00:00,-50.0,25.0,-125.0,-120.0,-195.0,20.0,65.0,-25.0,-30.0,-75.0,-80.0,-5.0,-155.0,-50.0,-125.0,20.0,65.0,-25.0,-5.0,-50.0,10.0,25.0,-5.0,15.0,0.0,10.0,25.0,-5.0,15.0,0.0,10.0,55.0,-35.0,5.0,-40.0,20.0,50.0,-10.0,20.0,-10.0,0.0,15.0,-15.0,15.0,0.0,0.0,0.0,0.0,0.0,0.0,110.0,125.0,95.0,90.0,75.0
2020-03-16 00:00:00+00:00,-75.0,15.0,-165.0,-85.0,-175.0,-120.0,-60.0,-180.0,-80.0,-140.0,-85.0,-25.0,-145.0,-135.0,-195.0,-15.0,30.0,-60.0,5.0,-40.0,10.0,40.0,-20.0,-10.0,-40.0,10.0,25.0,-5.0,15.0,0.0,5.0,65.0,-55.0,-35.0,-95.0,15.0,30.0,0.0,20.0,5.0,15.0,30.0,0.0,20.0,5.0,0.0,0.0,0.0,0.0,0.0,5.0,20.0,-10.0,-40.0,-55.0
2020-03-17 00:00:00+00:00,-120.0,-60.0,-180.0,-70.0,-130.0,-200.0,-140.0,-260.0,-130.0,-190.0,-55.0,-40.0,-70.0,-65.0,-80.0,-60.0,-15.0,-105.0,-30.0,-75.0,-60.0,-15.0,-105.0,-30.0,-75.0,-20.0,10.0,-50.0,-5.0,-35.0,-85.0,-40.0,-130.0,-120.0,-165.0,-20.0,10.0,-50.0,-10.0,-40.0,20.0,50.0,-10.0,55.0,25.0,0.0,0.0,0.0,0.0,0.0,-70.0,-55.0,-85.0,-120.0,-135.0
2020-03-18 00:00:00+00:00,-240.0,-180.0,-300.0,-175.0,-220.0,-40.0,-10.0,-70.0,-65.0,-95.0,-75.0,-60.0,-90.0,-80.0,-95.0,-95.0,-65.0,-125.0,-75.0,-105.0,-50.0,-20.0,-80.0,-80.0,-110.0,-140.0,-125.0,-155.0,-125.0,-140.0,-90.0,-60.0,-120.0,-75.0,-105.0,-90.0,-60.0,-120.0,-75.0,-105.0,-45.0,-15.0,-75.0,-80.0,-110.0,0.0,0.0,0.0,0.0,0.0,-130.0,-115.0,-145.0,-100.0,-115.0
2020-03-19 00:00:00+00:00,-255.0,-135.0,-375.0,-170.0,-275.0,-100.0,-40.0,-160.0,-130.0,-190.0,-175.0,-145.0,-205.0,-130.0,-145.0,-170.0,-110.0,-230.0,-185.0,-245.0,-195.0,-165.0,-225.0,-225.0,-255.0,-165.0,-135.0,-195.0,-175.0,-205.0,-135.0,-120.0,-150.0,-60.0,-75.0,-85.0,-70.0,-100.0,-60.0,-75.0,-85.0,-70.0,-100.0,-60.0,-75.0,0.0,0.0,0.0,0.0,0.0,-240.0,-225.0,-255.0,-195.0,-210.0
2020-03-20 00:00:00+00:00,-105.0,-45.0,-165.0,-215.0,-275.0,-75.0,-30.0,-120.0,-200.0,-230.0,-60.0,-45.0,-75.0,-70.0,-85.0,30.0,75.0,-15.0,25.0,-20.0,-25.0,5.0,-55.0,20.0,-10.0,-15.0,15.0,-45.0,-20.0,-50.0,-100.0,-85.0,-115.0,-40.0,-55.0,-80.0,-65.0,-95.0,-50.0,-65.0,-80.0,-65.0,-95.0,-50.0,-65.0,0.0,0.0,0.0,0.0,0.0,-30.0,-15.0,-45.0,-75.0,-90.0
2020-03-23 00:00:00+00:00,5.0,65.0,-55.0,-35.0,-95.0,-100.0,-40.0,-160.0,-160.0,-220.0,-80.0,-5.0,-155.0,70.0,-5.0,55.0,100.0,10.0,55.0,10.0,45.0,75.0,15.0,5.0,-25.0,0.0,0.0,0.0,0.0,0.0,60.0,90.0,30.0,0.0,-30.0,50.0,80.0,20.0,-10.0,-40.0,10.0,25.0,-5.0,-5.0,-20.0,0.0,0.0,0.0,0.0,0.0,70.0,85.0,55.0,115.0,100.0
2020-03-24 00:00:00+00:00,100.0,175.0,25.0,10.0,-65.0,120.0,165.0,75.0,60.0,15.0,65.0,95.0,35.0,40.0,10.0,45.0,105.0,-15.0,20.0,-40.0,35.0,65.0,5.0,95.0,65.0,0.0,0.0,0.0,0.0,0.0,20.0,65.0,-25.0,45.0,0.0,70.0,100.0,40.0,75.0,45.0,50.0,65.0,35.0,105.0,90.0,0.0,0.0,0.0,0.0,0.0,220.0,235.0,205.0,215.0,200.0
2020-03-25 00:00:00+00:00,-100.0,-10.0,-190.0,-40.0,-130.0,-125.0,-35.0,-215.0,-140.0,-215.0,-5.0,40.0,-50.0,45.0,0.0,-25.0,50.0,-100.0,-10.0,-85.0,-35.0,-5.0,-65.0,-60.0,-90.0,15.0,30.0,0.0,-10.0,-25.0,20.0,65.0,-25.0,-60.0,-105.0,20.0,65.0,-25.0,-60.0,-105.0,15.0,30.0,0.0,-10.0,-25.0,0.0,0.0,0.0,0.0,0.0,55.0,70.0,40.0,150.0,135.0
2020-03-26 00:00:00+00:00,0.0,60.0,-60.0,-85.0,-145.0,-110.0,-50.0,-170.0,-15.0,-75.0,-10.0,20.0,-40.0,-15.0,-45.0,5.0,50.0,-40.0,85.0,40.0,-20.0,10.0,-50.0,95.0,65.0,-10.0,5.0,-25.0,30.0,15.0,35.0,50.0,20.0,30.0,15.0,0.0,0.0,0.0,0.0,0.0,0.0,0.0,0.0,0.0,0.0,0.0,0.0,0.0,0.0,0.0,10.0,25.0,-5.0,45.0,30.0
2020-03-27 00:00:00+00:00,-100.0,5.0,-205.0,-40.0,-145.0,-45.0,30.0,-120.0,40.0,-35.0,90.0,120.0,60.0,70.0,40.0,-50.0,10.0,-110.0,-95.0,-155.0,-75.0,-15.0,-135.0,-155.0,-215.0,-60.0,-15.0,-105.0,-130.0,-175.0,-60.0,-15.0,-105.0,-85.0,-130.0,-80.0,-50.0,-110.0,-75.0,-105.0,-80.0,-50.0,-110.0,-75.0,-105.0,0.0,0.0,0.0,0.0,0.0,30.0,45.0,15.0,35.0,20.0
2020-03-30 00:00:00+00:00,-160.0,-85.0,-235.0,-165.0,-240.0,40.0,55.0,25.0,40.0,25.0,5.0,20.0,-10.0,-15.0,-30.0,-80.0,-35.0,-125.0,-115.0,-160.0,-80.0,-35.0,-125.0,-115.0,-160.0,5.0,35.0,-25.0,10.0,-20.0,-130.0,-115.0,-145.0,-120.0,-135.0,-130.0,-115.0,-145.0,-120.0,-135.0,-130.0,-115.0,-145.0,-120.0,-135.0,0.0,0.0,0.0,0.0,0.0,-85.0,-70.0,-100.0,-125.0,-140.0
2020-03-31 00:00:00+00:00,-185.0,-110.0,-260.0,-190.0,-265.0,-105.0,-60.0,-150.0,-135.0,-165.0,-155.0,-125.0,-185.0,-85.0,-115.0,-15.0,45.0,-75.0,95.0,35.0,-45.0,-15.0,-75.0,85.0,55.0,35.0,65.0,5.0,70.0,40.0,50.0,80.0,20.0,95.0,65.0,50.0,80.0,20.0,95.0,65.0,95.0,125.0,65.0,90.0,60.0,0.0,0.0,0.0,0.0,0.0,-135.0,-120.0,-150.0,-75.0,-90.0
2020-04-01 00:00:00+00:00,20.0,65.0,-25.0,-145.0,-190.0,-55.0,-10.0,-100.0,-40.0,-85.0,-35.0,-5.0,-65.0,-35.0,-65.0,-290.0,-260.0,-320.0,-220.0,-250.0,-290.0,-260.0,-320.0,-220.0,-250.0,-180.0,-150.0,-210.0,-275.0,-305.0,-250.0,-220.0,-280.0,-220.0,-250.0,-220.0,-190.0,-250.0,-265.0,-295.0,-165.0,-135.0,-195.0,-290.0,-320.0,0.0,0.0,0.0,0.0,0.0,-285.0,-270.0,-300.0,-275.0,-290.0
2020-04-02 00:00:00+00:00,-145.0,-55.0,-235.0,-135.0,-225.0,-60.0,-15.0,-105.0,-80.0,-125.0,-105.0,-60.0,-150.0,-90.0,-120.0,75.0,120.0,30.0,180.0,135.0,75.0,120.0,30.0,180.0,135.0,100.0,130.0,70.0,160.0,130.0,5.0,50.0,-40.0,85.0,40.0,45.0,75.0,15.0,100.0,70.0,70.0,85.0,55.0,100.0,85.0,0.0,0.0,0.0,0.0,0.0,50.0,65.0,35.0,40.0,25.0
2020-04-03 00:00:00+00:00,-70.0,-10.0,-130.0,-140.0,-200.0,-200.0,-140.0,-260.0,-280.0,-340.0,-225.0,-150.0,-300.0,-280.0,-355.0,25.0,85.0,-35.0,60.0,0.0,25.0,85.0,-35.0,60.0,0.0,50.0,80.0,20.0,15.0,-15.0,160.0,235.0,85.0,160.0,100.0,145.0,190.0,100.0,100.0,55.0,145.0,190.0,100.0,100.0,55.0,0.0,0.0,0.0,0.0,0.0,-35.0,-20.0,-50.0,-15.0,-30.0
2020-04-06 00:00:00+00:00,-155.0,-50.0,-260.0,-195.0,-300.0,-200.0,-110.0,-290.0,-135.0,-225.0,-245.0,-170.0,-320.0,-235.0,-310.0,45.0,105.0,-15.0,45.0,-15.0,60.0,105.0,15.0,70.0,25.0,45.0,60.0,30.0,10.0,-5.0,0.0,45.0,-45.0,35.0,-10.0,20.0,50.0,-10.0,85.0,55.0,50.0,80.0,20.0,85.0,55.0,0.0,0.0,0.0,0.0,0.0,10.0,25.0,-5.0,0.0,-15.0
2020-04-07 00:00:00+00:00,-340.0,-265.0,-415.0,-230.0,-305.0,-260.0,-200.0,-320.0,-185.0,-230.0,-130.0,-85.0,-175.0,-70.0,-115.0,65.0,140.0,-10.0,-95.0,-170.0,110.0,185.0,35.0,-90.0,-165.0,0.0,0.0,0.0,0.0,0.0,20.0,65.0,-25.0,-15.0,-60.0,65.0,110.0,20.0,-15.0,-60.0,85.0,115.0,55.0,-5.0,-35.0,0.0,0.0,0.0,0.0,0.0,-190.0,-175.0,-205.0,-160.0,-175.0
2020-04-08 00:00:00+00:00,-15.0,30.0,-60.0,0.0,-45.0,-50.0,-20.0,-80.0,-10.0,-40.0,-125.0,-80.0,-170.0,-90.0,-135.0,-90.0,-45.0,-135.0,-50.0,-95.0,-70.0,-40.0,-100.0,10.0,-20.0,-20.0,-5.0,-35.0,25.0,10.0,5.0,35.0,-25.0,35.0,5.0,5.0,35.0,-25.0,35.0,5.0,30.0,60.0,0.0,85.0,55.0,0.0,0.0,0.0,0.0,0.0,-20.0,-5.0,-35.0,40.0,25.0
2020-04-09 00:00:00+00:00,-165.0,-120.0,-210.0,-55.0,-100.0,-65.0,-50.0,-80.0,-75.0,-90.0,0.0,0.0,0.0,0.0,0.0,-320.0,-275.0,-365.0,-375.0,-420.0,-310.0,-265.0,-355.0,-400.0,-445.0,-105.0,-60.0,-150.0,-140.0,-185.0,-275.0,-245.0,-305.0,-270.0,-300.0,-275.0,-245.0,-305.0,-270.0,-300.0,-265.0,-235.0,-295.0,-295.0,-325.0,0.0,0.0,0.0,0.0,0.0,-355.0,-340.0,-370.0,-345.0,-360.0
2020-04-10 00:00:00+00:00,30.0,75.0,-15.0,5.0,-40.0,55.0,85.0,25.0,-15.0,-45.0,-80.0,-50.0,-110.0,-135.0,-165.0,-165.0,-135.0,-195.0,-145.0,-175.0,-170.0,-140.0,-200.0,-100.0,-130.0,-170.0,-140.0,-200.0,-100.0,-130.0,-75.0,-45.0,-105.0,-35.0,-65.0,-75.0,-45.0,-105.0,-35.0,-65.0,-50.0,-35.0,-65.0,0.0,0.0,0.0,0.0,0.0,0.0,0.0,-50.0,-35.0,-65.0,-50.0,-65.0
2020-04-13 00:00:00+00:00,165.0,240.0,90.0,170.0,95.0,215.0,260.0,170.0,365.0,320.0,220.0,250.0,190.0,300.0,270.0,20.0,50.0,-10.0,30.0,0.0,15.0,45.0,-15.0,0.0,-30.0,65.0,95.0,35.0,5.0,-25.0,15.0,45.0,-15.0,0.0,-30.0,65.0,95.0,35.0,5.0,-25.0,90.0,120.0,60.0,40.0,10.0,0.0,0.0,0.0,0.0,0.0,310.0,325.0,295.0,410.0,395.0
2020-04-14 00:00:00+00:00,40.0,100.0,-20.0,-95.0,-155.0,-65.0,-20.0,-110.0,-85.0,-130.0,-5.0,40.0,-50.0,0.0,-45.0,70.0,130.0,10.0,-70.0,-115.0,70.0,130.0,10.0,-70.0,-115.0,-45.0,-30.0,-60.0,-50.0,-65.0,60.0,90.0,30.0,105.0,75.0,60.0,90.0,30.0,105.0,75.0,40.0,55.0,25.0,80.0,65.0,0.0,0.0,0.0,0.0,0.0,140.0,155.0,125.0,140.0,125.0
2020-04-15 00:00:00+00:00,-5.0,70.0,-80.0,30.0,-45.0,160.0,175.0,145.0,185.0,170.0,10.0,55.0,-35.0,90.0,45.0,-15.0,30.0,-60.0,-40.0,-70.0,-90.0,-75.0,-105.0,-45.0,-60.0,-5.0,10.0,-20.0,35.0,20.0,-50.0,-35.0,-65.0,-25.0,-40.0,-50.0,-35.0,-65.0,-25.0,-40.0,35.0,50.0,20.0,55.0,40.0,0.0,0.0,0.0,0.0,0.0,105.0,120.0,90.0,125.0,110.0
2020-04-16 00:00:00+00:00,75.0,150.0,0.0,75.0,0.0,80.0,125.0,35.0,175.0,130.0,220.0,250.0,190.0,195.0,165.0,-15.0,15.0,-45.0,50.0,20.0,-15.0,15.0,-45.0,50.0,20.0,40.0,70.0,10.0,15.0,-15.0,55.0,70.0,40.0,15.0,0.0,0.0,0.0,0.0,0.0,0.0,0.0,0.0,0.0,0.0,0.0,0.0,0.0,0.0,0.0,0.0,230.0,245.0,215.0,260.0,245.0
2020-04-17 00:00:00+00:00,-25.0,35.0,-85.0,-45.0,-105.0,55.0,100.0,10.0,70.0,25.0,30.0,60.0,0.0,100.0,70.0,45.0,105.0,-15.0,25.0,-35.0,-125.0,-110.0,-140.0,-90.0,-105.0,-125.0,-110.0,-140.0,-90.0,-105.0,15.0,45.0,-15.0,95.0,65.0,15.0,45.0,-15.0,95.0,65.0,50.0,65.0,35.0,55.0,40.0,0.0,0.0,0.0,0.0,0.0,40.0,55.0,25.0,35.0,20.0
2020-04-20 00:00:00+00:00,70.0,130.0,10.0,100.0,40.0,65.0,125.0,5.0,95.0,35.0,175.0,205.0,145.0,150.0,120.0,-5.0,40.0,-50.0,25.0,-20.0,-5.0,40.0,-50.0,25.0,-20.0,65.0,80.0,50.0,85.0,70.0,-65.0,-35.0,-95.0,-90.0,-120.0,-65.0,-35.0,-95.0,-90.0,-120.0,-60.0,-45.0,-75.0,-70.0,-85.0,0.0,0.0,0.0,0.0,0.0,135.0,150.0,120.0,175.0,160.0
2020-04-21 00:00:00+00:00,-80.0,-35.0,-125.0,-50.0,-95.0,-60.0,-30.0,-90.0,-95.0,-125.0,-15.0,15.0,-45.0,-50.0,-80.0,-135.0,-105.0,-165.0,-115.0,-145.0,-115.0,-85.0,-145.0,-100.0,-130.0,-115.0,-100.0,-130.0,-75.0,-90.0,-65.0,-35.0,-95.0,-40.0,-70.0,-50.0,-20.0,-80.0,-30.0,-60.0,-15.0,15.0,-45.0,-15.0,-45.0,0.0,0.0,0.0,0.0,0.0,-80.0,-65.0,-95.0,-105.0,-120.0
2020-04-22 00:00:00+00:00,65.0,140.0,-10.0,-30.0,-105.0,0.0,60.0,-60.0,-40.0,-100.0,85.0,115.0,55.0,85.0,55.0,50.0,80.0,20.0,5.0,-25.0,60.0,90.0,30.0,45.0,15.0,40.0,55.0,25.0,55.0,40.0,45.0,60.0,30.0,-5.0,-20.0,0.0,0.0,0.0,0.0,0.0,0.0,0.0,0.0,0.0,0.0,0.0,0.0,0.0,0.0,0.0,145.0,160.0,130.0,110.0,95.0
2020-04-23 00:00:00+00:00,-175.0,-100.0,-250.0,-155.0,-215.0,-230.0,-140.0,-320.0,-110.0,-185.0,-85.0,-70.0,-100.0,-60.0,-75.0,-125.0,-50.0,-200.0,-215.0,-290.0,-45.0,-15.0,-75.0,-115.0,-145.0,5.0,35.0,-25.0,-65.0,-95.0,-105.0,-90.0,-120.0,-95.0,-110.0,-105.0,-90.0,-120.0,-95.0,-110.0,-80.0,-65.0,-95.0,-55.0,-70.0,0.0,0.0,0.0,0.0,0.0,-190.0,-175.0,-205.0,-180.0,-195.0
2020-04-24 00:00:00+00:00,-30.0,15.0,-75.0,-20.0,-65.0,-50.0,-5.0,-95.0,-170.0,-215.0,-90.0,-45.0,-135.0,-125.0,-170.0,-60.0,0.0,-120.0,-110.0,-155.0,-60.0,0.0,-120.0,-110.0,-155.0,50.0,95.0,5.0,-5.0,-50.0,-150.0,-105.0,-195.0,25.0,-20.0,-35.0,10.0,-80.0,40.0,10.0,115.0,145.0,85.0,70.0,40.0,0.0,0.0,0.0,0.0,0.0,-80.0,-65.0,-95.0,-80.0,-95.0
2020-04-27 00:00:00+00:00,-200.0,-110.0,-290.0,-270.0,-360.0,-210.0,-135.0,-285.0,-255.0,-330.0,-170.0,-140.0,-200.0,-140.0,-170.0,-10.0,65.0,-85.0,85.0,10.0,-10.0,50.0,-70.0,5.0,-40.0,35.0,50.0,20.0,40.0,25.0,-35.0,10.0,-80.0,-15.0,-45.0,-35.0,10.0,-80.0,-15.0,-45.0,45.0,90.0,0.0,-30.0,-60.0,0.0,0.0,0.0,0.0,0.0,-90.0,-75.0,-105.0,-75.0,-90.0
2020-04-28 00:00:00+00:00,-100.0,-55.0,-145.0,-135.0,-180.0,-50.0,-20.0,-80.0,-115.0,-145.0,-100.0,-55.0,-145.0,-105.0,-150.0,-180.0,-135.0,-225.0,-110.0,-155.0,-150.0,-105.0,-195.0,-95.0,-140.0,-90.0,-75.0,-105.0,-80.0,-95.0,-210.0,-180.0,-240.0,-145.0,-175.0,-200.0,-170.0,-230.0,-150.0,-180.0,-200.0,-170.0,-230.0,-150.0,-180.0,0.0,0.0,0.0,0.0,0.0,-220.0,-205.0,-235.0,-220.0,-235.0
2020-04-29 00:00:00+00:00,-15.0,60.0,-90.0,195.0,120.0,110.0,155.0,65.0,105.0,60.0,135.0,165.0,105.0,105.0,75.0,20.0,80.0,-40.0,-60.0,-120.0,20.0,80.0,-40.0,-60.0,-120.0,-5.0,10.0,-20.0,-80.0,-95.0,0.0,15.0,-15.0,5.0,-10.0,0.0,15.0,-15.0,5.0,-10.0,0.0,15.0,-15.0,5.0,-10.0,0.0,0.0,0.0,0.0,0.0,170.0,185.0,155.0,150.0,135.0
2020-04-30 00:00:00+00:00,-225.0,-150.0,-300.0,-140.0,-215.0,-85.0,-40.0,-130.0,-60.0,-105.0,85.0,115.0,55.0,50.0,20.0,100.0,145.0,55.0,50.0,5.0,100.0,145.0,55.0,50.0,5.0,75.0,90.0,60.0,105.0,90.0,75.0,90.0,60.0,105.0,90.0,75.0,90.0,60.0,105.0,90.0,75.0,90.0,60.0,105.0,90.0,0.0,0.0,0.0,0.0,0.0,145.0,160.0,130.0,160.0,145.0
2020-05-01 00:00:00+00:00,-240.0,-135.0,-345.0,-115.0,-220.0,40.0,85.0,-5.0,-20.0,-65.0,10.0,25.0,-5.0,-35.0,-50.0,-25.0,35.0,-85.0,-95.0,-155.0,-25.0,35.0,-85.0,-95.0,-155.0,70.0,130.0,10.0,-50.0,-110.0,-20.0,10.0,-50.0,80.0,50.0,-10.0,5.0,-25.0,50.0,35.0,-10.0,5.0,-25.0,50.0,35.0,0.0,0.0,0.0,0.0,0.0,15.0,30.0,0.0,5.0,-10.0
2020-05-04 00:00:00+00:00,-165.0,-90.0,-240.0,-185.0,-260.0,-205.0,-145.0,-265.0,-210.0,-270.0,-95.0,-50.0,-140.0,-155.0,-200.0,15.0,75.0,-45.0,70.0,10.0,15.0,75.0,-45.0,70.0,10.0,20.0,65.0,-25.0,65.0,20.0,30.0,75.0,-15.0,145.0,100.0,30.0,75.0,-15.0,145.0,100.0,65.0,95.0,35.0,85.0,55.0,0.0,0.0,0.0,0.0,0.0,-55.0,-40.0,-70.0,-15.0,-30.0
2020-05-05 00:00:00+00:00,-325.0,-250.0,-400.0,-290.0,-365.0,-165.0,-105.0,-225.0,-170.0,-230.0,-20.0,10.0,-50.0,-75.0,-105.0,125.0,185.0,65.0,-5.0,-65.0,40.0,70.0,10.0,-15.0,-45.0,20.0,50.0,-10.0,0.0,-30.0,-90.0,-45.0,-135.0,0.0,-30.0,20.0,50.0,-10.0,0.0,-30.0,25.0,40.0,10.0,5.0,-10.0,0.0,0.0,0.0,0.0,0.0,-130.0,-115.0,-145.0,-170.0,-185.0
2020-05-06 00:00:00+00:00,70.0,145.0,-5.0,145.0,70.0,50.0,80.0,20.0,45.0,15.0,160.0,190.0,130.0,75.0,45.0,30.0,75.0,-15.0,70.0,25.0,45.0,90.0,0.0,35.0,-10.0,60.0,90.0,30.0,10.0,-20.0,65.0,95.0,35.0,75.0,45.0,65.0,95.0,35.0,75.0,45.0,105.0,135.0,75.0,30.0,0.0,0.0,0.0,0.0,0.0,0.0,210.0,225.0,195.0,285.0,270.0
