market,config_id,config_hash,run_id,scenario,commission_per_side,slippage_ticks_per_side,delay_minutes,period,status,gross_pnl_usd,net_pnl_usd,account_return,volatility,sharpe,max_drawdown,exposure,fills,turnover_contracts,commission_usd,slippage_usd,entry_trades,days,hours
SYN,mom-12,940cbaadaffdc1893e1395929c25df442aa5df03eb63b7ce1110538c8c0920b3,daaba4669e5c6b82,gross_reference,0.0,0,0,whole,ok,7781.371181267459,7781.371181267459,0.07781371181267459,0.0651528719496217,10.032331034184931,-0.00285377784564564,0.5763888888888888,48,48,0.0,0.0,24,30,720
SYN,mom-12,940cbaadaffdc1893e1395929c25df442aa5df03eb63b7ce1110538c8c0920b3,daaba4669e5c6b82,gross_reference,0.0,0,0,development,ok,6357.406544441983,6357.406544441983,0.06357406544441983,0.07519556817183559,21.30533072824672,-0.0008806536674266596,0.725,6,6,0.0,0.0,3,10,240
SYN,mom-12,940cbaadaffdc1893e1395929c25df442aa5df03eb63b7ce1110538c8c0920b3,daaba4669e5c6b82,gross_reference,0.0,0,0,validation,ok,711.3942342721202,711.3942342721202,0.007113942342721202,0.03710291001956695,4.831732792442211,-0.0021004134406546653,0.37083333333333335,14,14,0.0,0.0,7,10,240
SYN,mom-12,940cbaadaffdc1893e1395929c25df442aa5df03eb63b7ce1110538c8c0920b3,daaba4669e5c6b82,gross_reference,0.0,0,0,historical_final,ok,712.570402553356,712.570402553356,0.00712570402553356,0.026415567607939807,6.797799846991457,-0.002892346598710059,0.6333333333333333,28,28,0.0,0.0,14,10,240
SYN,mom-12,940cbaadaffdc1893e1395929c25df442aa5df03eb63b7ce1110538c8c0920b3,daaba4669e5c6b82,gross_reference,0.0,0,0,2024,ok,7781.371181267459,7781.371181267459,0.07781371181267459,0.0651528719496217,10.032331034184931,-0.00285377784564564,0.5763888888888888,48,48,0.0,0.0,24,30,720
SYN,mom-12,940cbaadaffdc1893e1395929c25df442aa5df03eb63b7ce1110538c8c0920b3,286ae7c4eb0f151c,base,2.5,1,1,whole,ok,7786.469955164466,7426.469955164466,0.07426469955164466,0.06616676527666646,9.428048562225921,-0.0034826478359167414,0.5763888888888888,48,48,120.0,240.0,24,30,720
SYN,mom-12,940cbaadaffdc1893e1395929c25df442aa5df03eb63b7ce1110538c8c0920b3,286ae7c4eb0f151c,base,2.5,1,1,development,ok,6336.627394485804,6291.627394485804,0.06291627394485803,0.0761814945422397,20.812011013138235,-0.001041965835885299,0.725,6,6,15.0,30.0,3,10,240
SYN,mom-12,940cbaadaffdc1893e1395929c25df442aa5df03eb63b7ce1110538c8c0920b3,286ae7c4eb0f151c,base,2.5,1,1,validation,ok,750.9506204673016,645.9506204673016,0.006459506204673017,0.03765471493103487,4.322952826914054,-0.0025203575114542036,0.37083333333333335,14,14,35.0,70.0,7,10,240
SYN,mom-12,940cbaadaffdc1893e1395929c25df442aa5df03eb63b7ce1110538c8c0920b3,286ae7c4eb0f151c,base,2.5,1,1,historical_final,ok,698.8919402113606,488.89194021136063,0.0048889194021136066,0.027670369535260714,4.452443931992545,-0.0037221888266295126,0.6333333333333333,28,28,70.0,140.0,14,10,240
SYN,mom-12,940cbaadaffdc1893e1395929c25df442aa5df03eb63b7ce1110538c8c0920b3,286ae7c4eb0f151c,base,2.5,1,1,2024,ok,7786.469955164466,7426.469955164466,0.07426469955164466,0.06616676527666646,9.428048562225921,-0.0034826478359167414,0.5763888888888888,48,48,120.0,240.0,24,30,720
SYN,mom-12,940cbaadaffdc1893e1395929c25df442aa5df03eb63b7ce1110538c8c0920b3,84991fb41ee53d0d,higher_cost,5.0,2,5,whole,ok,7617.552814720111,6897.552814720111,0.0689755281472011,0.06724195257417451,8.616561748372195,-0.004134874530490251,0.5763888888888888,48,48,240.0,480.0,24,30,720
SYN,mom-12,940cbaadaffdc1893e1395929c25df442aa5df03eb63b7ce1110538c8c0920b3,84991fb41ee53d0d,higher_cost,5.0,2,5,development,ok,6304.974053587066,6214.974053587066,0.06214974053587066,0.0770291922396514,20.33220673834017,-0.0009649202905478161,0.725,6,6,30.0,60.0,3,10,240
SYN,mom-12,940cbaadaffdc1893e1395929c25df442aa5df03eb63b7ce1110538c8c0920b3,84991fb41ee53d0d,higher_cost,5.0,2,5,validation,ok,737.3803129893713,527.3803129893713,0.005273803129893713,0.03786786668451872,3.5095676231387536,-0.002806231987027859,0.37083333333333335,14,14,70.0,140.0,7,10,240
SYN,mom-12,940cbaadaffdc1893e1395929c25df442aa5df03eb63b7ce1110538c8c0920b3,84991fb41ee53d0d,higher_cost,5.0,2,5,historical_final,ok,575.1984481436739,155.1984481436739,0.001551984481436739,0.027245502408956162,1.4354666082189604,-0.004412002313100571,0.6333333333333333,28,28,140.0,280.0,14,10,240
SYN,mom-12,940cbaadaffdc1893e1395929c25df442aa5df03eb63b7ce1110538c8c0920b3,84991fb41ee53d0d,higher_cost,5.0,2,5,2024,ok,7617.552814720111,6897.552814720111,0.0689755281472011,0.06724195257417451,8.616561748372195,-0.004134874530490251,0.5763888888888888,48,48,240.0,480.0,24,30,720
SYN,mom-12,940cbaadaffdc1893e1395929c25df442aa5df03eb63b7ce1110538c8c0920b3,059c69fad7f721a6,one_bar_late,2.5,1,60,whole,ok,7883.582217230469,7523.582217230469,0.07523582217230469,0.06644626870167031,9.511157189048797,-0.0040215412721180425,0.5763888888888888,48,48,120.0,240.0,24,30,720
SYN,mom-12,940cbaadaffdc1893e1395929c25df442aa5df03eb63b7ce1110538c8c0920b3,059c69fad7f721a6,one_bar_late,2.5,1,60,development,ok,6424.678947840839,6379.678947840839,0.06379678947840839,0.07493333665454995,21.454791240211957,-0.0009130414081807275,0.725,6,6,15.0,30.0,3,10,240
SYN,mom-12,940cbaadaffdc1893e1395929c25df442aa5df03eb63b7ce1110538c8c0920b3,059c69fad7f721a6,one_bar_late,2.5,1,60,validation,ok,999.1976121507469,894.1976121507469,0.008941976121507468,0.03852359989235129,5.8493442692703335,-0.0021973540277188293,0.37083333333333335,14,14,35.0,70.0,7,10,240
SYN,mom-12,940cbaadaffdc1893e1395929c25df442aa5df03eb63b7ce1110538c8c0920b3,059c69fad7f721a6,one_bar_late,2.5,1,60,historical_final,ok,459.70565723888285,249.70565723888285,0.0024970565723888287,0.027803240512155648,2.263255090595903,-0.004312076360532328,0.6333333333333333,28,28,70.0,140.0,14,10,240
SYN,mom-12,940cbaadaffdc1893e1395929c25df442aa5df03eb63b7ce1110538c8c0920b3,059c69fad7f721a6,one_bar_late,2.5,1,60,2024,ok,7883.582217230469,7523.582217230469,0.07523582217230469,0.06644626870167031,9.511157189048797,-0.0040215412721180425,0.5763888888888888,48,48,120.0,240.0,24,30,720
SYN,mom-24,6539289287b5207a700cce89f98ce42d35b0b350384718c07f031404235a8eed,35ed66ad4a58b3b1,gross_reference,0.0,0,0,whole,ok,7835.46658148116,7835.46658148116,0.0783546658148116,0.0645052044524861,10.203505258699328,-0.0015293855211829532,0.6152777777777778,23,23,0.0,0.0,12,30,720
SYN,mom-24,6539289287b5207a700cce89f98ce42d35b0b350384718c07f031404235a8eed,35ed66ad4a58b3b1,gross_reference,0.0,0,0,development,ok,5823.0885677035985,5823.0885677035985,0.058230885677035986,0.08243936296744374,17.799971594161974,-0.0009420716562499679,0.7041666666666667,2,2,0.0,0.0,1,10,240
SYN,mom-24,6539289287b5207a700cce89f98ce42d35b0b350384718c07f031404235a8eed,35ed66ad4a58b3b1,gross_reference,0.0,0,0,validation,ok,949.386098754876,949.386098754876,0.00949386098754876,0.036901464054390244,6.483355146386537,-0.0006089293759774592,0.3625,5,5,0.0,0.0,3,10,240
SYN,mom-24,6539289287b5207a700cce89f98ce42d35b0b350384718c07f031404235a8eed,35ed66ad4a58b3b1,gross_reference,0.0,0,0,historical_final,ok,1062.9919150226851,1062.9919150226851,0.010629919150226852,0.03027379370635639,8.848377748226278,-0.0016325084968921314,0.7791666666666667,16,16,0.0,0.0,8,10,240
SYN,mom-24,6539289287b5207a700cce89f98ce42d35b0b350384718c07f031404235a8eed,35ed66ad4a58b3b1,gross_reference,0.0,0,0,2024,ok,7835.46658148116,7835.46658148116,0.0783546658148116,0.0645052044524861,10.203505258699328,-0.0015293855211829532,0.6152777777777778,23,23,0.0,0.0,12,30,720
SYN,mom-24,6539289287b5207a700cce89f98ce42d35b0b350384718c07f031404235a8eed,06ed4bce93967033,base,2.5,1,1,whole,ok,7833.27324529113,7660.77324529113,0.07660773245291129,0.06508997869696634,9.886390585567158,-0.0020538614514992266,0.6152777777777778,23,23,57.5,115.0,12,30,720
SYN,mom-24,6539289287b5207a700cce89f98ce42d35b0b350384718c07f031404235a8eed,06ed4bce93967033,base,2.5,1,1,development,ok,5821.98802378407,5806.98802378407,0.058069880237840696,0.08282764561426428,17.667542897556064,-0.0010971665990466707,0.7041666666666667,2,2,5.0,10.0,1,10,240
SYN,mom-24,6539289287b5207a700cce89f98ce42d35b0b350384718c07f031404235a8eed,06ed4bce93967033,base,2.5,1,1,validation,ok,958.3139373105951,920.8139373105951,0.009208139373105951,0.03726538588142808,6.22682703301656,-0.0008946509904201957,0.3625,5,5,12.5,25.0,3,10,240
SYN,mom-24,6539289287b5207a700cce89f98ce42d35b0b350384718c07f031404235a8eed,06ed4bce93967033,base,2.5,1,1,historical_final,ok,1052.9712841964647,932.9712841964647,0.009329712841964648,0.03093426901833969,7.600268927580689,-0.002191435150944621,0.7791666666666667,16,16,40.0,80.0,8,10,240
SYN,mom-24,6539289287b5207a700cce89f98ce42d35b0b350384718c07f031404235a8eed,06ed4bce93967033,base,2.5,1,1,2024,ok,7833.27324529113,7660.77324529113,0.07660773245291129,0.06508997869696634,9.886390585567158,-0.0020538614514992266,0.6152777777777778,23,23,57.5,115.0,12,30,720
SYN,mom-24,6539289287b5207a700cce89f98ce42d35b0b350384718c07f031404235a8eed,25e68c2bc38e8eb5,higher_cost,5.0,2,5,whole,ok,7884.315261458214,7539.315261458214,0.07539315261458214,0.06479710885688021,9.773622513950258,-0.0026489803385384048,0.6152777777777778,23,23,115.0,230.0,12,30,720
SYN,mom-24,6539289287b5207a700cce89f98ce42d35b0b350384718c07f031404235a8eed,25e68c2bc38e8eb5,higher_cost,5.0,2,5,development,ok,5810.944839466538,5780.944839466538,0.057809448394665376,0.08185701107635437,17.796864072971083,-0.0009331089795535371,0.7041666666666667,2,2,10.0,20.0,1,10,240
SYN,mom-24,6539289287b5207a700cce89f98ce42d35b0b350384718c07f031404235a8eed,25e68c2bc38e8eb5,higher_cost,5.0,2,5,validation,ok,1009.6544173362054,934.6544173362054,0.009346544173362054,0.03708261918862986,6.351571661392841,-0.0007562461901642382,0.3625,5,5,25.0,50.0,3,10,240
SYN,mom-24,6539289287b5207a700cce89f98ce42d35b0b350384718c07f031404235a8eed,25e68c2bc38e8eb5,higher_cost,5.0,2,5,historical_final,ok,1063.716004655471,823.7160046554709,0.008237160046554708,0.031089106762165697,6.67682203805841,-0.0028260950272601016,0.7791666666666667,16,16,80.0,160.0,8,10,240
SYN,mom-24,6539289287b5207a700cce89f98ce42d35b0b350384718c07f031404235a8eed,25e68c2bc38e8eb5,higher_cost,5.0,2,5,2024,ok,7884.315261458214,7539.315261458214,0.07539315261458214,0.06479710885688021,9.773622513950258,-0.0026489803385384048,0.6152777777777778,23,23,115.0,230.0,12,30,720
SYN,mom-24,6539289287b5207a700cce89f98ce42d35b0b350384718c07f031404235a8eed,f39be5ae419a85b1,one_bar_late,2.5,1,60,whole,ok,7281.983044607987,7109.483044607987,0.07109483044607987,0.06531770710216551,9.14295069808523,-0.0026202072650233486,0.6138888888888889,23,23,57.5,115.0,12,30,720
SYN,mom-24,6539289287b5207a700cce89f98ce42d35b0b350384718c07f031404235a8eed,f39be5ae419a85b1,one_bar_late,2.5,1,60,development,ok,5622.549030675291,5607.549030675291,0.056075490306752906,0.08259780188393487,17.108231980747412,-0.001646375213211376,0.7041666666666667,2,2,5.0,10.0,1,10,240
SYN,mom-24,6539289287b5207a700cce89f98ce42d35b0b350384718c07f031404235a8eed,f39be5ae419a85b1,one_bar_late,2.5,1,60,validation,ok,1140.5065474709409,1103.0065474709409,0.01103006547470941,0.03587659726449937,7.7476034840606784,0.0,0.35833333333333334,5,5,12.5,25.0,3,10,240
SYN,mom-24,6539289287b5207a700cce89f98ce42d35b0b350384718c07f031404235a8eed,f39be5ae419a85b1,one_bar_late,2.5,1,60,historical_final,ok,518.9274664617551,398.9274664617551,0.003989274664617551,0.03414054139457877,2.9445848671962063,-0.002794899817581902,0.7791666666666667,16,16,40.0,80.0,8,10,240
SYN,mom-24,6539289287b5207a700cce89f98ce42d35b0b350384718c07f031404235a8eed,f39be5ae419a85b1,one_bar_late,2.5,1,60,2024,ok,7281.983044607987,7109.483044607987,0.07109483044607987,0.06531770710216551,9.14295069808523,-0.0026202072650233486,0.6138888888888889,23,23,57.5,115.0,12,30,720
SYN,mom-72,a5bd8f897a4900d5280b63c5ca25e785549de3dff01f8c012f2f4f4c509ab29d,ba7199237fb4cede,gross_reference,0.0,0,0,whole,ok,5026.882184296519,5026.882184296519,0.05026882184296519,0.06257454031524622,6.7480815896305515,-0.010192854901758138,0.5847222222222223,9,9,0.0,0.0,5,30,720
SYN,mom-72,a5bd8f897a4900d5280b63c5ca25e785549de3dff01f8c012f2f4f4c509ab29d,ba7199237fb4cede,gross_reference,0.0,0,0,development,ok,2830.354316039411,2830.354316039411,0.02830354316039411,0.0990703457878307,7.199422611983491,-0.010192854901758138,0.6416666666666667,2,2,0.0,0.0,1,10,240
SYN,mom-72,a5bd8f897a4900d5280b63c5ca25e785549de3dff01f8c012f2f4f4c509ab29d,ba7199237fb4cede,gross_reference,0.0,0,0,validation,ok,764.6378202946289,764.6378202946289,0.007646378202946289,0.03756553770529625,5.129401640032425,0.0,0.19583333333333333,1,1,0.0,0.0,1,10,240
SYN,mom-72,a5bd8f897a4900d5280b63c5ca25e785549de3dff01f8c012f2f4f4c509ab29d,ba7199237fb4cede,gross_reference,0.0,0,0,historical_final,ok,1431.890047962479,1431.890047962479,0.01431890047962479,0.0277197842468293,13.017283571672047,-0.001257849958302835,0.9166666666666666,6,6,0.0,0.0,3,10,240
SYN,mom-72,a5bd8f897a4900d5280b63c5ca25e785549de3dff01f8c012f2f4f4c509ab29d,ba7199237fb4cede,gross_reference,0.0,0,0,2024,ok,5026.882184296519,5026.882184296519,0.05026882184296519,0.06257454031524622,6.7480815896305515,-0.010192854901758138,0.5847222222222223,9,9,0.0,0.0,5,30,720
SYN,mom-72,a5bd8f897a4900d5280b63c5ca25e785549de3dff01f8c012f2f4f4c509ab29d,bb2171eb3dc82ad0,base,2.5,1,1,whole,ok,5025.426953444403,4957.926953444403,0.049579269534444026,0.06262713181023238,6.649927149007411,-0.010250337990174075,0.5847222222222223,9,9,22.5,45.0,5,30,720
SYN,mom-72,a5bd8f897a4900d5280b63c5ca25e785549de3dff01f8c012f2f4f4c509ab29d,bb2171eb3dc82ad0,base,2.5,1,1,development,ok,2827.5672349088563,2812.5672349088563,0.028125672349088564,0.09896831527288805,7.161554091758854,-0.010250337990174075,0.6416666666666667,2,2,5.0,10.0,1,10,240
SYN,mom-72,a5bd8f897a4900d5280b63c5ca25e785549de3dff01f8c012f2f4f4c509ab29d,bb2171eb3dc82ad0,base,2.5,1,1,validation,ok,770.0948349407918,762.5948349407918,0.007625948349407918,0.03746300055636982,5.129698517232205,0.0,0.19583333333333333,1,1,2.5,5.0,1,10,240
SYN,mom-72,a5bd8f897a4900d5280b63c5ca25e785549de3dff01f8c012f2f4f4c509ab29d,bb2171eb3dc82ad0,base,2.5,1,1,historical_final,ok,1427.7648835947548,1382.7648835947548,0.013827648835947549,0.02865196848393206,12.161703684034547,-0.001257849958302835,0.9166666666666666,6,6,15.0,30.0,3,10,240
SYN,mom-72,a5bd8f897a4900d5280b63c5ca25e785549de3dff01f8c012f2f4f4c509ab29d,bb2171eb3dc82ad0,base,2.5,1,1,2024,ok,5025.426953444403,4957.926953444403,0.049579269534444026,0.06262713181023238,6.649927149007411,-0.010250337990174075,0.5847222222222223,9,9,22.5,45.0,5,30,720
SYN,mom-72,a5bd8f897a4900d5280b63c5ca25e785549de3dff01f8c012f2f4f4c509ab29d,1f3d527505909327,higher_cost,5.0,2,5,whole,ok,4982.994568587492,4847.994568587492,0.048479945685874916,0.06266734251941969,6.498305614844835,-0.010231592723355935,0.5847222222222223,9,9,45.0,90.0,5,30,720
SYN,mom-72,a5bd8f897a4900d5280b63c5ca25e785549de3dff01f8c012f2f4f4c509ab29d,1f3d527505909327,higher_cost,5.0,2,5,development,ok,2838.9573196739366,2808.9573196739366,0.028089573196739367,0.09881881388805139,7.163182967969443,-0.010231592723355935,0.6416666666666667,2,2,10.0,20.0,1,10,240
SYN,mom-72,a5bd8f897a4900d5280b63c5ca25e785549de3dff01f8c012f2f4f4c509ab29d,1f3d527505909327,higher_cost,5.0,2,5,validation,ok,753.9347987205474,738.9347987205474,0.007389347987205474,0.036275514847819726,5.13325779272213,0.0,0.19583333333333333,1,1,5.0,10.0,1,10,240
SYN,mom-72,a5bd8f897a4900d5280b63c5ca25e785549de3dff01f8c012f2f4f4c509ab29d,1f3d527505909327,higher_cost,5.0,2,5,historical_final,ok,1390.1024501930078,1300.1024501930078,0.013001024501930079,0.030519105142017507,10.735105630524389,-0.0015816396422403886,0.9166666666666666,6,6,30.0,60.0,3,10,240
SYN,mom-72,a5bd8f897a4900d5280b63c5ca25e785549de3dff01f8c012f2f4f4c509ab29d,1f3d527505909327,higher_cost,5.0,2,5,2024,ok,4982.994568587492,4847.994568587492,0.048479945685874916,0.06266734251941969,6.498305614844835,-0.010231592723355935,0.5847222222222223,9,9,45.0,90.0,5,30,720
SYN,mom-72,a5bd8f897a4900d5280b63c5ca25e785549de3dff01f8c012f2f4f4c509ab29d,d444f9e0cc5fd626,one_bar_late,2.5,1,60,whole,ok,4910.063379233725,4842.563379233725,0.04842563379233725,0.0622084164504915,6.538911405651432,-0.01019854156290597,0.5833333333333334,9,9,22.5,45.0,5,30,720
SYN,mom-72,a5bd8f897a4900d5280b63c5ca25e785549de3dff01f8c012f2f4f4c509ab29d,d444f9e0cc5fd626,one_bar_late,2.5,1,60,development,ok,2778.980010553205,2763.980010553205,0.027639800105532047,0.09783819287605423,7.119131518933448,-0.01019854156290597,0.6416666666666667,2,2,5.0,10.0,1,10,240
SYN,mom-72,a5bd8f897a4900d5280b63c5ca25e785549de3dff01f8c012f2f4f4c509ab29d,d444f9e0cc5fd626,one_bar_late,2.5,1,60,validation,ok,768.1355142127359,760.6355142127359,0.007606355142127359,0.03736466262592213,5.129984753257997,0.0,0.19166666666666668,1,1,2.5,5.0,1,10,240
SYN,mom-72,a5bd8f897a4900d5280b63c5ca25e785549de3dff01f8c012f2f4f4c509ab29d,d444f9e0cc5fd626,one_bar_late,2.5,1,60,historical_final,ok,1362.947854467784,1317.947854467784,0.01317947854467784,0.030041192603423462,11.055581704437168,-0.0013945515891089048,0.9166666666666666,6,6,15.0,30.0,3,10,240
SYN,mom-72,a5bd8f897a4900d5280b63c5ca25e785549de3dff01f8c012f2f4f4c509ab29d,d444f9e0cc5fd626,one_bar_late,2.5,1,60,2024,ok,4910.063379233725,4842.563379233725,0.04842563379233725,0.0622084164504915,6.538911405651432,-0.01019854156290597,0.5833333333333334,9,9,22.5,45.0,5,30,720
SYN,revert-24-0.5,3d993922c95a899a23da1da8e6961823259f668adbf05973964da6ac5d9442d8,ed6ad582f8b2f7c9,gross_reference,0.0,0,0,whole,ok,-4186.827969882543,-4186.827969882543,-0.04186827969882543,0.05433239908903805,-6.472998714704103,-0.05116802516425494,0.31666666666666665,27,27,0.0,0.0,14,30,720
SYN,revert-24-0.5,3d993922c95a899a23da1da8e6961823259f668adbf05973964da6ac5d9442d8,ed6ad582f8b2f7c9,gross_reference,0.0,0,0,development,ok,-1307.3299547630813,-1307.3299547630813,-0.013073299547630814,0.04408067012689782,-7.4737327643136116,-0.013073299547630887,0.2,1,1,0.0,0.0,1,10,240
SYN,revert-24-0.5,3d993922c95a899a23da1da8e6961823259f668adbf05973964da6ac5d9442d8,ed6ad582f8b2f7c9,gross_reference,0.0,0,0,validation,ok,-3475.8692178065394,-3475.8692178065394,-0.034758692178065397,0.0717718587858347,-12.204212872638102,-0.03809472561662405,0.5333333333333333,8,8,0.0,0.0,4,10,240
SYN,revert-24-0.5,3d993922c95a899a23da1da8e6961823259f668adbf05973964da6ac5d9442d8,ed6ad582f8b2f7c9,gross_reference,0.0,0,0,historical_final,ok,596.371202687078,596.371202687078,0.00596371202687078,0.009633932818943314,15.599604637229302,-5.471127396756722e-05,0.21666666666666667,18,18,0.0,0.0,9,10,240
SYN,revert-24-0.5,3d993922c95a899a23da1da8e6961823259f668adbf05973964da6ac5d9442d8,ed6ad582f8b2f7c9,gross_reference,0.0,0,0,2024,ok,-4186.827969882543,-4186.827969882543,-0.04186827969882543,0.05433239908903805,-6.472998714704103,-0.05116802516425494,0.31666666666666665,27,27,0.0,0.0,14,30,720
SYN,revert-24-0.5,3d993922c95a899a23da1da8e6961823259f668adbf05973964da6ac5d9442d8,353e9fe9166df912,base,2.5,1,1,whole,ok,-4231.42727830611,-4433.92727830611,-0.044339272783061094,0.053603652905612156,-6.9482184737211945,-0.05155160780856386,0.31666666666666665,27,27,67.5,135.0,14,30,720
SYN,revert-24-0.5,3d993922c95a899a23da1da8e6961823259f668adbf05973964da6ac5d9442d8,353e9fe9166df912,base,2.5,1,1,development,ok,-1311.0470130926115,-1318.5470130926115,-0.013185470130926115,0.04440448415673098,-7.482889478606203,-0.013185470130926115,0.2,1,1,2.5,5.0,1,10,240
SYN,revert-24-0.5,3d993922c95a899a23da1da8e6961823259f668adbf05973964da6ac5d9442d8,353e9fe9166df912,base,2.5,1,1,validation,ok,-3498.1898570018166,-3558.1898570018166,-0.035581898570018165,0.07044012953557018,-12.729446267012746,-0.038366137677637746,0.5333333333333333,8,8,20.0,40.0,4,10,240
SYN,revert-24-0.5,3d993922c95a899a23da1da8e6961823259f668adbf05973964da6ac5d9442d8,353e9fe9166df912,base,2.5,1,1,historical_final,ok,577.8095917883184,442.80959178831836,0.0044280959178831835,0.008556427295009853,13.041426436911918,-8.265123916184113e-05,0.21666666666666667,18,18,45.0,90.0,9,10,240
SYN,revert-24-0.5,3d993922c95a899a23da1da8e6961823259f668adbf05973964da6ac5d9442d8,353e9fe9166df912,base,2.5,1,1,2024,ok,-4231.42727830611,-4433.92727830611,-0.044339272783061094,0.053603652905612156,-6.9482184737211945,-0.05155160780856386,0.31666666666666665,27,27,67.5,135.0,14,30,720
SYN,revert-24-0.5,3d993922c95a899a23da1da8e6961823259f668adbf05973964da6ac5d9442d8,1a55c7593f3eb12a,higher_cost,5.0,2,5,whole,ok,-4254.816166763012,-4659.816166763012,-0.04659816166763012,0.05274329839956779,-7.421313605432394,-0.051707740048018605,0.31666666666666665,27,27,135.0,270.0,14,30,720
SYN,revert-24-0.5,3d993922c95a899a23da1da8e6961823259f668adbf05973964da6ac5d9442d8,1a55c7593f3eb12a,higher_cost,5.0,2,5,development,ok,-1291.316302768937,-1306.316302768937,-0.01306316302768937,0.04405164536242126,-7.472858404934694,-0.013063163027689444,0.2,1,1,5.0,10.0,1,10,240
SYN,revert-24-0.5,3d993922c95a899a23da1da8e6961823259f668adbf05973964da6ac5d9442d8,1a55c7593f3eb12a,higher_cost,5.0,2,5,validation,ok,-3535.397598099662,-3655.397598099662,-0.03655397598099662,0.06885081151660791,-13.379075343199354,-0.03864457702032931,0.5333333333333333,8,8,40.0,80.0,4,10,240
SYN,revert-24-0.5,3d993922c95a899a23da1da8e6961823259f668adbf05973964da6ac5d9442d8,1a55c7593f3eb12a,higher_cost,5.0,2,5,historical_final,ok,571.897734105587,301.897734105587,0.00301897734105587,0.008045762895516773,9.455688662786711,-0.00027673678139547483,0.21666666666666667,18,18,90.0,180.0,9,10,240
SYN,revert-24-0.5,3d993922c95a899a23da1da8e6961823259f668adbf05973964da6ac5d9442d8,1a55c7593f3eb12a,higher_cost,5.0,2,5,2024,ok,-4254.816166763012,-4659.816166763012,-0.04659816166763012,0.05274329839956779,-7.421313605432394,-0.051707740048018605,0.31666666666666665,27,27,135.0,270.0,14,30,720
SYN,revert-24-0.5,3d993922c95a899a23da1da8e6961823259f668adbf05973964da6ac5d9442d8,30eba5f2e28d026a,one_bar_late,2.5,1,60,whole,ok,-4394.550247203806,-4597.050247203806,-0.04597050247203806,0.05363937425545122,-7.1990441000693846,-0.05156606509725854,0.31527777777777777,27,27,67.5,135.0,14,30,720
SYN,revert-24-0.5,3d993922c95a899a23da1da8e6961823259f668adbf05973964da6ac5d9442d8,30eba5f2e28d026a,one_bar_late,2.5,1,60,development,ok,-1337.0713799068108,-1344.5713799068108,-0.013445713799068108,0.04517385221278347,-7.500621955827631,-0.013445713799068181,0.19583333333333333,1,1,2.5,5.0,1,10,240
SYN,revert-24-0.5,3d993922c95a899a23da1da8e6961823259f668adbf05973964da6ac5d9442d8,30eba5f2e28d026a,one_bar_late,2.5,1,60,validation,ok,-3501.726728051144,-3554.226728051144,-0.03554226728051144,0.07043752797578455,-12.71573777797548,-0.03812035129819051,0.5333333333333333,7,7,17.5,35.0,3,10,240
SYN,revert-24-0.5,3d993922c95a899a23da1da8e6961823259f668adbf05973964da6ac5d9442d8,30eba5f2e28d026a,one_bar_late,2.5,1,60,historical_final,ok,444.24786075414886,301.74786075414886,0.0030174786075414886,0.013129884439937593,5.7914036683179635,-0.0008111878698688816,0.21666666666666667,19,19,47.5,95.0,10,10,240
SYN,revert-24-0.5,3d993922c95a899a23da1da8e6961823259f668adbf05973964da6ac5d9442d8,30eba5f2e28d026a,one_bar_late,2.5,1,60,2024,ok,-4394.550247203806,-4597.050247203806,-0.04597050247203806,0.05363937425545122,-7.1990441000693846,-0.05156606509725854,0.31527777777777777,27,27,67.5,135.0,14,30,720
SYN,revert-24-1,a70bc91da80965054062b9585e99707cb40f235ba2cd9be794d2b51bb5f9e938,92084d1191784e95,gross_reference,0.0,0,0,whole,ok,-4560.627169010768,-4560.627169010768,-0.045606271690107676,0.052904475627756145,-7.241214994595209,-0.05116802516425494,0.30277777777777776,16,16,0.0,0.0,8,30,720
SYN,revert-24-1,a70bc91da80965054062b9585e99707cb40f235ba2cd9be794d2b51bb5f9e938,92084d1191784e95,gross_reference,0.0,0,0,development,ok,-1307.3299547630813,-1307.3299547630813,-0.013073299547630814,0.04408067012689782,-7.4737327643136116,-0.013073299547630887,0.2,1,1,0.0,0.0,1,10,240
SYN,revert-24-1,a70bc91da80965054062b9585e99707cb40f235ba2cd9be794d2b51bb5f9e938,92084d1191784e95,gross_reference,0.0,0,0,validation,ok,-3656.386437067522,-3656.386437067522,-0.03656386437067522,0.0681271203680394,-13.52485437757146,-0.03809472561662405,0.5208333333333334,5,5,0.0,0.0,2,10,240
SYN,revert-24-1,a70bc91da80965054062b9585e99707cb40f235ba2cd9be794d2b51bb5f9e938,92084d1191784e95,gross_reference,0.0,0,0,historical_final,ok,403.0892228198354,403.0892228198354,0.004030892228198354,0.010395836308088144,9.771073835740244,-5.471127396756722e-05,0.1875,10,10,0.0,0.0,5,10,240
SYN,revert-24-1,a70bc91da80965054062b9585e99707cb40f235ba2cd9be794d2b51bb5f9e938,92084d1191784e95,gross_reference,0.0,0,0,2024,ok,-4560.627169010768,-4560.627169010768,-0.045606271690107676,0.052904475627756145,-7.241214994595209,-0.05116802516425494,0.30277777777777776,16,16,0.0,0.0,8,30,720
SYN,revert-24-1,a70bc91da80965054062b9585e99707cb40f235ba2cd9be794d2b51bb5f9e938,2e798a6ddf003e97,base,2.5,1,1,whole,ok,-4559.7705015471,-4679.7705015471,-0.046797705015471,0.052650807916450215,-7.466185946353466,-0.05155160780856386,0.30277777777777776,16,16,40.0,80.0,8,30,720
SYN,revert-24-1,a70bc91da80965054062b9585e99707cb40f235ba2cd9be794d2b51bb5f9e938,2e798a6ddf003e97,base,2.5,1,1,development,ok,-1311.0470130926115,-1318.5470130926115,-0.013185470130926115,0.04440448415673098,-7.482889478606203,-0.013185470130926115,0.2,1,1,2.5,5.0,1,10,240
SYN,revert-24-1,a70bc91da80965054062b9585e99707cb40f235ba2cd9be794d2b51bb5f9e938,2e798a6ddf003e97,base,2.5,1,1,validation,ok,-3666.8129630971816,-3704.3129630971816,-0.03704312963097182,0.06750122013333844,-13.829185085195911,-0.038366137677637746,0.5208333333333334,5,5,12.5,25.0,2,10,240
SYN,revert-24-1,a70bc91da80965054062b9585e99707cb40f235ba2cd9be794d2b51bb5f9e938,2e798a6ddf003e97,base,2.5,1,1,historical_final,ok,418.08947464269295,343.08947464269295,0.0034308947464269297,0.009289676569770111,9.306949166702601,-8.26492897334695e-05,0.1875,10,10,25.0,50.0,5,10,240
SYN,revert-24-1,a70bc91da80965054062b9585e99707cb40f235ba2cd9be794d2b51bb5f9e938,2e798a6ddf003e97,base,2.5,1,1,2024,ok,-4559.7705015471,-4679.7705015471,-0.046797705015471,0.052650807916450215,-7.466185946353466,-0.05155160780856386,0.30277777777777776,16,16,40.0,80.0,8,30,720
SYN,revert-24-1,a70bc91da80965054062b9585e99707cb40f235ba2cd9be794d2b51bb5f9e938,1b775adfa13d4964,higher_cost,5.0,2,5,whole,ok,-4599.252488055354,-4839.252488055354,-0.04839252488055354,0.05200873656158446,-7.81594085669259,-0.051707740048018605,0.30277777777777776,16,16,80.0,160.0,8,30,720
SYN,revert-24-1,a70bc91da80965054062b9585e99707cb40f235ba2cd9be794d2b51bb5f9e938,1b775adfa13d4964,higher_cost,5.0,2,5,development,ok,-1291.316302768937,-1306.316302768937,-0.01306316302768937,0.04405164536242126,-7.472858404934694,-0.013063163027689444,0.2,1,1,5.0,10.0,1,10,240
SYN,revert-24-1,a70bc91da80965054062b9585e99707cb40f235ba2cd9be794d2b51bb5f9e938,1b775adfa13d4964,higher_cost,5.0,2,5,validation,ok,-3685.7981559857217,-3760.7981559857217,-0.037607981559857215,0.06672758922232566,-14.202837931859737,-0.03864457702032931,0.5208333333333334,5,5,25.0,50.0,2,10,240
SYN,revert-24-1,a70bc91da80965054062b9585e99707cb40f235ba2cd9be794d2b51bb5f9e938,1b775adfa13d4964,higher_cost,5.0,2,5,historical_final,ok,377.86197069930495,227.86197069930495,0.0022786197069930496,0.007473697071424782,7.683107311877988,-0.00020775403356785188,0.1875,10,10,50.0,100.0,5,10,240
SYN,revert-24-1,a70bc91da80965054062b9585e99707cb40f235ba2cd9be794d2b51bb5f9e938,1b775adfa13d4964,higher_cost,5.0,2,5,2024,ok,-4599.252488055354,-4839.252488055354,-0.04839252488055354,0.05200873656158446,-7.81594085669259,-0.051707740048018605,0.30277777777777776,16,16,80.0,160.0,8,30,720
SYN,revert-24-1,a70bc91da80965054062b9585e99707cb40f235ba2cd9be794d2b51bb5f9e938,20d351ae0021b5cc,one_bar_late,2.5,1,60,whole,ok,-4694.54983844942,-4814.54983844942,-0.0481454983844942,0.05262106372030108,-7.685557034335021,-0.05156606509725854,0.30277777777777776,16,16,40.0,80.0,8,30,720
SYN,revert-24-1,a70bc91da80965054062b9585e99707cb40f235ba2cd9be794d2b51bb5f9e938,20d351ae0021b5cc,one_bar_late,2.5,1,60,development,ok,-1337.0713799068108,-1344.5713799068108,-0.013445713799068108,0.04517385221278347,-7.500621955827631,-0.013445713799068181,0.19583333333333333,1,1,2.5,5.0,1,10,240
SYN,revert-24-1,a70bc91da80965054062b9585e99707cb40f235ba2cd9be794d2b51bb5f9e938,20d351ae0021b5cc,one_bar_late,2.5,1,60,validation,ok,-3669.1997077888664,-3706.6997077888664,-0.037066997077888665,0.06722988363450526,-13.893945309216335,-0.03812035129819051,0.525,5,5,12.5,25.0,2,10,240
SYN,revert-24-1,a70bc91da80965054062b9585e99707cb40f235ba2cd9be794d2b51bb5f9e938,20d351ae0021b5cc,one_bar_late,2.5,1,60,historical_final,ok,311.7212492462568,236.72124924625678,0.0023672124924625677,0.012497617027543277,4.7732103391059955,-0.0007791972111834666,0.1875,10,10,25.0,50.0,5,10,240
SYN,revert-24-1,a70bc91da80965054062b9585e99707cb40f235ba2cd9be794d2b51bb5f9e938,20d351ae0021b5cc,one_bar_late,2.5,1,60,2024,ok,-4694.54983844942,-4814.54983844942,-0.0481454983844942,0.05262106372030108,-7.685557034335021,-0.05156606509725854,0.30277777777777776,16,16,40.0,80.0,8,30,720
SYN,revert-24-1.5,c1bb2903c67a684b2550226d1fab1821709f6a1468cd9e0e78217843ab602836,ad6837adad11eabd,gross_reference,0.0,0,0,whole,ok,-4727.461986301314,-4727.461986301314,-0.04727461986301314,0.051284078689797015,-7.743276607371617,-0.05017015577662358,0.26805555555555555,10,10,0.0,0.0,5,30,720
SYN,revert-24-1.5,c1bb2903c67a684b2550226d1fab1821709f6a1468cd9e0e78217843ab602836,ad6837adad11eabd,gross_reference,0.0,0,0,development,ok,-1207.543015999945,-1207.543015999945,-0.012075430159999451,0.04142612934302448,-7.3456256922353695,-0.012075430159999524,0.19166666666666668,1,1,0.0,0.0,1,10,240
SYN,revert-24-1.5,c1bb2903c67a684b2550226d1fab1821709f6a1468cd9e0e78217843ab602836,ad6837adad11eabd,gross_reference,0.0,0,0,validation,ok,-3809.4725616624055,-3809.4725616624055,-0.03809472561662405,0.06523548175242605,-14.715720030736573,-0.03809472561662405,0.5,3,3,0.0,0.0,1,10,240
SYN,revert-24-1.5,c1bb2903c67a684b2550226d1fab1821709f6a1468cd9e0e78217843ab602836,ad6837adad11eabd,gross_reference,0.0,0,0,historical_final,ok,289.5535913610365,289.5535913610365,0.002895535913610365,0.00967413381356369,7.542536254840365,0.0,0.1125,6,6,0.0,0.0,3,10,240
SYN,revert-24-1.5,c1bb2903c67a684b2550226d1fab1821709f6a1468cd9e0e78217843ab602836,ad6837adad11eabd,gross_reference,0.0,0,0,2024,ok,-4727.461986301314,-4727.461986301314,-0.04727461986301314,0.051284078689797015,-7.743276607371617,-0.05017015577662358,0.26805555555555555,10,10,0.0,0.0,5,30,720
SYN,revert-24-1.5,c1bb2903c67a684b2550226d1fab1821709f6a1468cd9e0e78217843ab602836,c67060d9dca01fbc,base,2.5,1,1,whole,ok,-4712.113875254872,-4787.113875254872,-0.047871138752548725,0.05111872341093072,-7.866346001813976,-0.05042728321665316,0.26805555555555555,10,10,25.0,50.0,5,30,720
SYN,revert-24-1.5,c1bb2903c67a684b2550226d1fab1821709f6a1468cd9e0e78217843ab602836,c67060d9dca01fbc,base,2.5,1,1,development,ok,-1198.6145539015342,-1206.1145539015342,-0.012061145539015342,0.04139129468053323,-7.343110910858589,-0.012061145539015414,0.19166666666666668,1,1,2.5,5.0,1,10,240
SYN,revert-24-1.5,c1bb2903c67a684b2550226d1fab1821709f6a1468cd9e0e78217843ab602836,c67060d9dca01fbc,base,2.5,1,1,validation,ok,-3814.1137677637744,-3836.6137677637744,-0.038366137677637746,0.06502351207438194,-14.868878020161313,-0.038366137677637746,0.5,3,3,7.5,15.0,1,10,240
SYN,revert-24-1.5,c1bb2903c67a684b2550226d1fab1821709f6a1468cd9e0e78217843ab602836,c67060d9dca01fbc,base,2.5,1,1,historical_final,ok,300.61444641043636,255.61444641043636,0.0025561444641043637,0.00839852511273957,7.669780066230946,0.0,0.1125,6,6,15.0,30.0,3,10,240
SYN,revert-24-1.5,c1bb2903c67a684b2550226d1fab1821709f6a1468cd9e0e78217843ab602836,c67060d9dca01fbc,base,2.5,1,1,2024,ok,-4712.113875254872,-4787.113875254872,-0.047871138752548725,0.05111872341093072,-7.866346001813976,-0.05042728321665316,0.26805555555555555,10,10,25.0,50.0,5,30,720
SYN,revert-24-1.5,c1bb2903c67a684b2550226d1fab1821709f6a1468cd9e0e78217843ab602836,45b7d58977c480e1,higher_cost,5.0,2,5,whole,ok,-4790.234005351485,-4940.234005351485,-0.049402340053514855,0.05092478833587147,-8.148873466347089,-0.05102990318617231,0.26805555555555555,10,10,50.0,100.0,5,30,720
SYN,revert-24-1.5,c1bb2903c67a684b2550226d1fab1821709f6a1468cd9e0e78217843ab602836,45b7d58977c480e1,higher_cost,5.0,2,5,development,ok,-1223.532616584307,-1238.532616584307,-0.01238532616584307,0.042204766672072076,-7.395141449408283,-0.012385326165842998,0.19166666666666668,1,1,5.0,10.0,1,10,240
SYN,revert-24-1.5,c1bb2903c67a684b2550226d1fab1821709f6a1468cd9e0e78217843ab602836,45b7d58977c480e1,higher_cost,5.0,2,5,validation,ok,-3819.4577020329234,-3864.4577020329234,-0.03864457702032923,0.06481638498292362,-15.024647566643274,-0.03864457702032931,0.5,3,3,15.0,30.0,1,10,240
SYN,revert-24-1.5,c1bb2903c67a684b2550226d1fab1821709f6a1468cd9e0e78217843ab602836,45b7d58977c480e1,higher_cost,5.0,2,5,historical_final,ok,252.75631326574512,162.75631326574512,0.0016275631326574513,0.005772487644220678,7.105184709062292,0.0,0.1125,6,6,30.0,60.0,3,10,240
SYN,revert-24-1.5,c1bb2903c67a684b2550226d1fab1821709f6a1468cd9e0e78217843ab602836,45b7d58977c480e1,higher_cost,5.0,2,5,2024,ok,-4790.234005351485,-4940.234005351485,-0.049402340053514855,0.05092478833587147,-8.148873466347089,-0.05102990318617231,0.26805555555555555,10,10,50.0,100.0,5,30,720
SYN,revert-24-1.5,c1bb2903c67a684b2550226d1fab1821709f6a1468cd9e0e78217843ab602836,85ed4d72bf64c783,one_bar_late,2.5,1,60,whole,ok,-4703.648021046101,-4778.648021046101,-0.047786480210461016,0.050678967319086374,-7.920572478135275,-0.049602087067863905,0.26805555555555555,10,10,25.0,50.0,5,30,720
SYN,revert-24-1.5,c1bb2903c67a684b2550226d1fab1821709f6a1468cd9e0e78217843ab602836,85ed4d72bf64c783,one_bar_late,2.5,1,60,development,ok,-1140.673576967347,-1148.173576967347,-0.011481735769673469,0.04006108447662636,-7.222464024022782,-0.011481735769673542,0.1875,1,1,2.5,5.0,1,10,240
SYN,revert-24-1.5,c1bb2903c67a684b2550226d1fab1821709f6a1468cd9e0e78217843ab602836,85ed4d72bf64c783,one_bar_late,2.5,1,60,validation,ok,-3762.0906071098216,-3784.5906071098216,-0.037845906071098216,0.06587479594079158,-14.477719731365513,-0.03812035129819051,0.5041666666666667,3,3,7.5,15.0,1,10,240
SYN,revert-24-1.5,c1bb2903c67a684b2550226d1fab1821709f6a1468cd9e0e78217843ab602836,85ed4d72bf64c783,one_bar_late,2.5,1,60,historical_final,ok,199.11616303106712,154.11616303106712,0.0015411616303106712,0.008746472371318483,4.440335650197041,-0.0002724741856075707,0.1125,6,6,15.0,30.0,3,10,240
SYN,revert-24-1.5,c1bb2903c67a684b2550226d1fab1821709f6a1468cd9e0e78217843ab602836,85ed4d72bf64c783,one_bar_late,2.5,1,60,2024,ok,-4703.648021046101,-4778.648021046101,-0.047786480210461016,0.050678967319086374,-7.920572478135275,-0.049602087067863905,0.26805555555555555,10,10,25.0,50.0,5,30,720
SYN,revert-72-0.5,67731b5bc0d2973da3111c9adbe7f9ee68ebd3da59df938aa4cbc4714c33b657,2f3d2ee71d2a3cce,gross_reference,0.0,0,0,whole,ok,-4266.2012023579155,-4266.2012023579155,-0.04266201202357915,0.049441115034130546,-7.2482366295881215,-0.04452758425225504,0.2125,8,8,0.0,0.0,4,30,720
SYN,revert-72-0.5,67731b5bc0d2973da3111c9adbe7f9ee68ebd3da59df938aa4cbc4714c33b657,2f3d2ee71d2a3cce,gross_reference,0.0,0,0,development,ok,-643.2858635631055,-643.2858635631055,-0.006432858635631055,0.032292694060662215,-5.019960159204453,-0.006432858635630982,0.09583333333333334,1,1,0.0,0.0,1,10,240
SYN,revert-72-0.5,67731b5bc0d2973da3111c9adbe7f9ee68ebd3da59df938aa4cbc4714c33b657,2f3d2ee71d2a3cce,gross_reference,0.0,0,0,validation,ok,-3809.4725616624055,-3809.4725616624055,-0.03809472561662405,0.06523548175242605,-14.715720030736573,-0.03809472561662405,0.5,3,3,0.0,0.0,1,10,240
SYN,revert-72-0.5,67731b5bc0d2973da3111c9adbe7f9ee68ebd3da59df938aa4cbc4714c33b657,2f3d2ee71d2a3cce,gross_reference,0.0,0,0,historical_final,ok,186.55722286759556,186.55722286759556,0.0018655722286759556,0.009365098262071558,5.0199601592044525,0.0,0.041666666666666664,4,4,0.0,0.0,2,10,240
SYN,revert-72-0.5,67731b5bc0d2973da3111c9adbe7f9ee68ebd3da59df938aa4cbc4714c33b657,2f3d2ee71d2a3cce,gross_reference,0.0,0,0,2024,ok,-4266.2012023579155,-4266.2012023579155,-0.04266201202357915,0.049441115034130546,-7.2482366295881215,-0.04452758425225504,0.2125,8,8,0.0,0.0,4,30,720
SYN,revert-72-0.5,67731b5bc0d2973da3111c9adbe7f9ee68ebd3da59df938aa4cbc4714c33b657,161eebf2e2afa553,base,2.5,1,1,whole,ok,-4255.731475270186,-4315.731475270186,-0.04315731475270186,0.04933918367127693,-7.347536317949651,-0.044796164169670666,0.2125,8,8,20.0,40.0,4,30,720
SYN,revert-72-0.5,67731b5bc0d2973da3111c9adbe7f9ee68ebd3da59df938aa4cbc4714c33b657,161eebf2e2afa553,base,2.5,1,1,development,ok,-635.5026492032994,-643.0026492032994,-0.0064300264920329935,0.03227847681263479,-5.019960159204454,-0.006430026492032921,0.09583333333333334,1,1,2.5,5.0,1,10,240
SYN,revert-72-0.5,67731b5bc0d2973da3111c9adbe7f9ee68ebd3da59df938aa4cbc4714c33b657,161eebf2e2afa553,base,2.5,1,1,validation,ok,-3814.1137677637744,-3836.6137677637744,-0.038366137677637746,0.06502351207438194,-14.868878020161313,-0.038366137677637746,0.5,3,3,7.5,15.0,1,10,240
SYN,revert-72-0.5,67731b5bc0d2973da3111c9adbe7f9ee68ebd3da59df938aa4cbc4714c33b657,161eebf2e2afa553,base,2.5,1,1,historical_final,ok,193.88494169688784,163.88494169688784,0.0016388494169688784,0.008226958780119217,5.0199601592044525,0.0,0.041666666666666664,4,4,10.0,20.0,2,10,240
SYN,revert-72-0.5,67731b5bc0d2973da3111c9adbe7f9ee68ebd3da59df938aa4cbc4714c33b657,161eebf2e2afa553,base,2.5,1,1,2024,ok,-4255.731475270186,-4315.731475270186,-0.04315731475270186,0.04933918367127693,-7.347536317949651,-0.044796164169670666,0.2125,8,8,20.0,40.0,4,30,720
SYN,revert-72-0.5,67731b5bc0d2973da3111c9adbe7f9ee68ebd3da59df938aa4cbc4714c33b657,b11e664174853ce8,higher_cost,5.0,2,5,whole,ok,-4283.817267751001,-4403.817267751001,-0.044038172677510014,0.04904842942696096,-7.541946904578072,-0.045054192079080964,0.2125,8,8,40.0,80.0,4,30,720
SYN,revert-72-0.5,67731b5bc0d2973da3111c9adbe7f9ee68ebd3da59df938aa4cbc4714c33b657,b11e664174853ce8,higher_cost,5.0,2,5,development,ok,-625.961505875166,-640.961505875166,-0.00640961505875166,0.03217601223077025,-5.0199601592044525,-0.00640961505875166,0.09583333333333334,1,1,5.0,10.0,1,10,240
SYN,revert-72-0.5,67731b5bc0d2973da3111c9adbe7f9ee68ebd3da59df938aa4cbc4714c33b657,b11e664174853ce8,higher_cost,5.0,2,5,validation,ok,-3819.4577020329234,-3864.4577020329234,-0.03864457702032923,0.06481638498292362,-15.024647566643274,-0.03864457702032931,0.5,3,3,15.0,30.0,1,10,240
SYN,revert-72-0.5,67731b5bc0d2973da3111c9adbe7f9ee68ebd3da59df938aa4cbc4714c33b657,b11e664174853ce8,higher_cost,5.0,2,5,historical_final,ok,161.6019401570884,101.60194015708839,0.001016019401570884,0.005100376916864589,5.0199601592044525,0.0,0.041666666666666664,4,4,20.0,40.0,2,10,240
SYN,revert-72-0.5,67731b5bc0d2973da3111c9adbe7f9ee68ebd3da59df938aa4cbc4714c33b657,b11e664174853ce8,higher_cost,5.0,2,5,2024,ok,-4283.817267751001,-4403.817267751001,-0.044038172677510014,0.04904842942696096,-7.541946904578072,-0.045054192079080964,0.2125,8,8,40.0,80.0,4,30,720
SYN,revert-72-0.5,67731b5bc0d2973da3111c9adbe7f9ee68ebd3da59df938aa4cbc4714c33b657,a1168b3faded095b,one_bar_late,2.5,1,60,whole,ok,-4155.94306662133,-4215.94306662133,-0.042159430666213304,0.048966798243295306,-7.232231436423999,-0.04399613530469869,0.2125,8,8,20.0,40.0,4,30,720
SYN,revert-72-0.5,67731b5bc0d2973da3111c9adbe7f9ee68ebd3da59df938aa4cbc4714c33b657,a1168b3faded095b,one_bar_late,2.5,1,60,development,ok,-580.0784006508184,-587.5784006508184,-0.005875784006508184,0.029496201616761808,-5.0199601592044525,-0.005875784006508184,0.09166666666666666,1,1,2.5,5.0,1,10,240
SYN,revert-72-0.5,67731b5bc0d2973da3111c9adbe7f9ee68ebd3da59df938aa4cbc4714c33b657,a1168b3faded095b,one_bar_late,2.5,1,60,validation,ok,-3762.0906071098216,-3784.5906071098216,-0.037845906071098216,0.06587479594079158,-14.477719731365513,-0.03812035129819051,0.5041666666666667,3,3,7.5,15.0,1,10,240
SYN,revert-72-0.5,67731b5bc0d2973da3111c9adbe7f9ee68ebd3da59df938aa4cbc4714c33b657,a1168b3faded095b,one_bar_late,2.5,1,60,historical_final,ok,186.22594113930973,156.22594113930973,0.0015622594113930972,0.007842480003535547,5.019960159204453,0.0,0.041666666666666664,4,4,10.0,20.0,2,10,240
SYN,revert-72-0.5,67731b5bc0d2973da3111c9adbe7f9ee68ebd3da59df938aa4cbc4714c33b657,a1168b3faded095b,one_bar_late,2.5,1,60,2024,ok,-4155.94306662133,-4215.94306662133,-0.042159430666213304,0.048966798243295306,-7.232231436423999,-0.04399613530469869,0.2125,8,8,20.0,40.0,4,30,720
SYN,revert-72-1,2eaa82246406bef1315379c2583a21f5b467f07d7962147d97c29b50c1e95c71,abcca30100747710,gross_reference,0.0,0,0,whole,ok,-4132.804053346699,-4132.804053346699,-0.04132804053346699,0.04780017276543086,-7.262641961248017,-0.04267257213786142,0.20416666666666666,6,6,0.0,0.0,3,30,720
SYN,revert-72-1,2eaa82246406bef1315379c2583a21f5b467f07d7962147d97c29b50c1e95c71,abcca30100747710,gross_reference,0.0,0,0,development,ok,-457.78465212373703,-457.78465212373703,-0.00457784652123737,0.022980607151564303,-5.0199601592044525,-0.00457784652123737,0.08333333333333333,1,1,0.0,0.0,1,10,240
SYN,revert-72-1,2eaa82246406bef1315379c2583a21f5b467f07d7962147d97c29b50c1e95c71,abcca30100747710,gross_reference,0.0,0,0,validation,ok,-3809.4725616624055,-3809.4725616624055,-0.03809472561662405,0.06523548175242605,-14.715720030736573,-0.03809472561662405,0.5,3,3,0.0,0.0,1,10,240
SYN,revert-72-1,2eaa82246406bef1315379c2583a21f5b467f07d7962147d97c29b50c1e95c71,abcca30100747710,gross_reference,0.0,0,0,historical_final,ok,134.4531604394433,134.4531604394433,0.001344531604394433,0.006749495086851298,5.019960159204453,0.0,0.029166666666666667,2,2,0.0,0.0,1,10,240
SYN,revert-72-1,2eaa82246406bef1315379c2583a21f5b467f07d7962147d97c29b50c1e95c71,abcca30100747710,gross_reference,0.0,0,0,2024,ok,-4132.804053346699,-4132.804053346699,-0.04132804053346699,0.04780017276543086,-7.262641961248017,-0.04267257213786142,0.20416666666666666,6,6,0.0,0.0,3,30,720
SYN,revert-72-1,2eaa82246406bef1315379c2583a21f5b467f07d7962147d97c29b50c1e95c71,50e68271d8ca4ab1,base,2.5,1,1,whole,ok,-4130.590945512449,-4175.590945512449,-0.041755909455124494,0.047788230283277465,-7.339665799379551,-0.04297509553647105,0.20416666666666666,6,6,15.0,30.0,3,30,720
SYN,revert-72-1,2eaa82246406bef1315379c2583a21f5b467f07d7962147d97c29b50c1e95c71,50e68271d8ca4ab1,base,2.5,1,1,development,ok,-453.395785883331,-460.895785883331,-0.0046089578588333095,0.02313678482679548,-5.019960159204453,-0.0046089578588333095,0.08333333333333333,1,1,2.5,5.0,1,10,240
SYN,revert-72-1,2eaa82246406bef1315379c2583a21f5b467f07d7962147d97c29b50c1e95c71,50e68271d8ca4ab1,base,2.5,1,1,validation,ok,-3814.1137677637744,-3836.6137677637744,-0.038366137677637746,0.06502351207438194,-14.868878020161313,-0.038366137677637746,0.5,3,3,7.5,15.0,1,10,240
SYN,revert-72-1,2eaa82246406bef1315379c2583a21f5b467f07d7962147d97c29b50c1e95c71,50e68271d8ca4ab1,base,2.5,1,1,historical_final,ok,136.9186081346561,121.9186081346561,0.001219186081346561,0.006120265555016336,5.019960159204453,0.0,0.029166666666666667,2,2,5.0,10.0,1,10,240
SYN,revert-72-1,2eaa82246406bef1315379c2583a21f5b467f07d7962147d97c29b50c1e95c71,50e68271d8ca4ab1,base,2.5,1,1,2024,ok,-4130.590945512449,-4175.590945512449,-0.041755909455124494,0.047788230283277465,-7.339665799379551,-0.04297509553647105,0.20416666666666666,6,6,15.0,30.0,3,30,720
SYN,revert-72-1,2eaa82246406bef1315379c2583a21f5b467f07d7962147d97c29b50c1e95c71,98ef54d133951d97,higher_cost,5.0,2,5,whole,ok,-4164.351991384465,-4254.351991384465,-0.04254351991384465,0.047816247405444476,-7.47372674911341,-0.04346333783340495,0.20416666666666666,6,6,30.0,60.0,3,30,720
SYN,revert-72-1,2eaa82246406bef1315379c2583a21f5b467f07d7962147d97c29b50c1e95c71,98ef54d133951d97,higher_cost,5.0,2,5,development,ok,-466.87608130756416,-481.87608130756416,-0.004818760813075642,0.02418998729837538,-5.019960159204453,-0.004818760813075642,0.08333333333333333,1,1,5.0,10.0,1,10,240
SYN,revert-72-1,2eaa82246406bef1315379c2583a21f5b467f07d7962147d97c29b50c1e95c71,98ef54d133951d97,higher_cost,5.0,2,5,validation,ok,-3819.4577020329234,-3864.4577020329234,-0.03864457702032923,0.06481638498292362,-15.024647566643274,-0.03864457702032931,0.5,3,3,15.0,30.0,1,10,240
SYN,revert-72-1,2eaa82246406bef1315379c2583a21f5b467f07d7962147d97c29b50c1e95c71,98ef54d133951d97,higher_cost,5.0,2,5,historical_final,ok,121.98179195602279,91.98179195602279,0.0009198179195602278,0.00461744930991467,5.019960159204453,0.0,0.029166666666666667,2,2,10.0,20.0,1,10,240
SYN,revert-72-1,2eaa82246406bef1315379c2583a21f5b467f07d7962147d97c29b50c1e95c71,98ef54d133951d97,higher_cost,5.0,2,5,2024,ok,-4164.351991384465,-4254.351991384465,-0.04254351991384465,0.047816247405444476,-7.47372674911341,-0.04346333783340495,0.20416666666666666,6,6,30.0,60.0,3,30,720
SYN,revert-72-1,2eaa82246406bef1315379c2583a21f5b467f07d7962147d97c29b50c1e95c71,cd70ce57fe0e2cc7,one_bar_late,2.5,1,60,whole,ok,-4081.1878292304027,-4126.187829230403,-0.04126187829230403,0.047488877374624004,-7.298546455860457,-0.0423012121221199,0.20416666666666666,6,6,15.0,30.0,3,30,720
SYN,revert-72-1,2eaa82246406bef1315379c2583a21f5b467f07d7962147d97c29b50c1e95c71,cd70ce57fe0e2cc7,one_bar_late,2.5,1,60,development,ok,-410.586082392947,-418.086082392947,-0.00418086082392947,0.020987754767304644,-5.019960159204453,-0.004180860823929398,0.07916666666666666,1,1,2.5,5.0,1,10,240
SYN,revert-72-1,2eaa82246406bef1315379c2583a21f5b467f07d7962147d97c29b50c1e95c71,cd70ce57fe0e2cc7,one_bar_late,2.5,1,60,validation,ok,-3762.0906071098216,-3784.5906071098216,-0.037845906071098216,0.06587479594079158,-14.477719731365513,-0.03812035129819051,0.5041666666666667,3,3,7.5,15.0,1,10,240
SYN,revert-72-1,2eaa82246406bef1315379c2583a21f5b467f07d7962147d97c29b50c1e95c71,cd70ce57fe0e2cc7,one_bar_late,2.5,1,60,historical_final,ok,91.48886027236586,76.48886027236586,0.0007648886027236586,0.003839710311902329,5.0199601592044525,0.0,0.029166666666666667,2,2,5.0,10.0,1,10,240
SYN,revert-72-1,2eaa82246406bef1315379c2583a21f5b467f07d7962147d97c29b50c1e95c71,cd70ce57fe0e2cc7,one_bar_late,2.5,1,60,2024,ok,-4081.1878292304027,-4126.187829230403,-0.04126187829230403,0.047488877374624004,-7.298546455860457,-0.0423012121221199,0.20416666666666666,6,6,15.0,30.0,3,30,720
SYN,revert-72-1.5,c0483c0fbd1e321a7640606e310f5b0e7a30bd5d51eaeaf40888b6bf257c2262,c9e97e1344ad42b3,gross_reference,0.0,0,0,whole,ok,-4082.5834295806635,-4082.5834295806635,-0.040825834295806634,0.0465167468664154,-7.372334292198165,-0.04082583429580671,0.18888888888888888,4,4,0.0,0.0,2,30,720
SYN,revert-72-1.5,c0483c0fbd1e321a7640606e310f5b0e7a30bd5d51eaeaf40888b6bf257c2262,c9e97e1344ad42b3,gross_reference,0.0,0,0,development,ok,-273.110867918258,-273.110867918258,-0.0027311086791825803,0.013710056759954051,-5.0199601592044525,-0.0027311086791826527,0.06666666666666667,1,1,0.0,0.0,1,10,240
SYN,revert-72-1.5,c0483c0fbd1e321a7640606e310f5b0e7a30bd5d51eaeaf40888b6bf257c2262,c9e97e1344ad42b3,gross_reference,0.0,0,0,validation,ok,-3809.4725616624055,-3809.4725616624055,-0.03809472561662405,0.06523548175242605,-14.715720030736573,-0.03809472561662405,0.5,3,3,0.0,0.0,1,10,240
SYN,revert-72-1.5,c0483c0fbd1e321a7640606e310f5b0e7a30bd5d51eaeaf40888b6bf257c2262,c9e97e1344ad42b3,gross_reference,0.0,0,0,historical_final,ok,0.0,0.0,0.0,0.0,,0.0,0.0,0,0,0.0,0.0,0,10,240
SYN,revert-72-1.5,c0483c0fbd1e321a7640606e310f5b0e7a30bd5d51eaeaf40888b6bf257c2262,c9e97e1344ad42b3,gross_reference,0.0,0,0,2024,ok,-4082.5834295806635,-4082.5834295806635,-0.040825834295806634,0.0465167468664154,-7.372334292198165,-0.04082583429580671,0.18888888888888888,4,4,0.0,0.0,2,30,720
SYN,revert-72-1.5,c0483c0fbd1e321a7640606e310f5b0e7a30bd5d51eaeaf40888b6bf257c2262,749acf49fc332e76,base,2.5,1,1,whole,ok,-4086.474160607577,-4116.474160607577,-0.04116474160607577,0.046566795768547116,-7.425544828330046,-0.04116474160607584,0.18888888888888888,4,4,10.0,20.0,2,30,720
SYN,revert-72-1.5,c0483c0fbd1e321a7640606e310f5b0e7a30bd5d51eaeaf40888b6bf257c2262,749acf49fc332e76,base,2.5,1,1,development,ok,-272.3603928438024,-279.8603928438024,-0.002798603928438024,0.014048880222151953,-5.019960159204453,-0.0027986039284380966,0.06666666666666667,1,1,2.5,5.0,1,10,240
SYN,revert-72-1.5,c0483c0fbd1e321a7640606e310f5b0e7a30bd5d51eaeaf40888b6bf257c2262,749acf49fc332e76,base,2.5,1,1,validation,ok,-3814.1137677637744,-3836.6137677637744,-0.038366137677637746,0.06502351207438194,-14.868878020161313,-0.038366137677637746,0.5,3,3,7.5,15.0,1,10,240
SYN,revert-72-1.5,c0483c0fbd1e321a7640606e310f5b0e7a30bd5d51eaeaf40888b6bf257c2262,749acf49fc332e76,base,2.5,1,1,historical_final,ok,0.0,0.0,0.0,0.0,,0.0,0.0,0,0,0.0,0.0,0,10,240
SYN,revert-72-1.5,c0483c0fbd1e321a7640606e310f5b0e7a30bd5d51eaeaf40888b6bf257c2262,749acf49fc332e76,base,2.5,1,1,2024,ok,-4086.474160607577,-4116.474160607577,-0.04116474160607577,0.046566795768547116,-7.425544828330046,-0.04116474160607584,0.18888888888888888,4,4,10.0,20.0,2,30,720
SYN,revert-72-1.5,c0483c0fbd1e321a7640606e310f5b0e7a30bd5d51eaeaf40888b6bf257c2262,080fd387858f8e4c,higher_cost,5.0,2,5,whole,ok,-4073.047735055152,-4133.047735055152,-0.041330477350551516,0.046577051813558874,-7.453799590715351,-0.041330477350551516,0.18888888888888888,4,4,20.0,40.0,2,30,720
SYN,revert-72-1.5,c0483c0fbd1e321a7640606e310f5b0e7a30bd5d51eaeaf40888b6bf257c2262,080fd387858f8e4c,higher_cost,5.0,2,5,development,ok,-253.59003302222845,-268.59003302222845,-0.0026859003302222846,0.013483112649309955,-5.019960159204453,-0.0026859003302222117,0.06666666666666667,1,1,5.0,10.0,1,10,240
SYN,revert-72-1.5,c0483c0fbd1e321a7640606e310f5b0e7a30bd5d51eaeaf40888b6bf257c2262,080fd387858f8e4c,higher_cost,5.0,2,5,validation,ok,-3819.4577020329234,-3864.4577020329234,-0.03864457702032923,0.06481638498292362,-15.024647566643274,-0.03864457702032931,0.5,3,3,15.0,30.0,1,10,240
SYN,revert-72-1.5,c0483c0fbd1e321a7640606e310f5b0e7a30bd5d51eaeaf40888b6bf257c2262,080fd387858f8e4c,higher_cost,5.0,2,5,historical_final,ok,0.0,0.0,0.0,0.0,,0.0,0.0,0,0,0.0,0.0,0,10,240
SYN,revert-72-1.5,c0483c0fbd1e321a7640606e310f5b0e7a30bd5d51eaeaf40888b6bf257c2262,080fd387858f8e4c,higher_cost,5.0,2,5,2024,ok,-4073.047735055152,-4133.047735055152,-0.041330477350551516,0.046577051813558874,-7.453799590715351,-0.041330477350551516,0.18888888888888888,4,4,20.0,40.0,2,30,720
SYN,revert-72-1.5,c0483c0fbd1e321a7640606e310f5b0e7a30bd5d51eaeaf40888b6bf257c2262,1f852e460bce749b,one_bar_late,2.5,1,60,whole,ok,-4075.1158413511803,-4105.11584135118,-0.041051158413511805,0.046824313744708565,-7.364330688401537,-0.04132560364060409,0.18888888888888888,4,4,10.0,20.0,2,30,720
SYN,revert-72-1.5,c0483c0fbd1e321a7640606e310f5b0e7a30bd5d51eaeaf40888b6bf257c2262,1f852e460bce749b,one_bar_late,2.5,1,60,development,ok,-313.0252342413587,-320.5252342413587,-0.003205252342413587,0.016090239059112957,-5.019960159204454,-0.003205252342413587,0.0625,1,1,2.5,5.0,1,10,240
SYN,revert-72-1.5,c0483c0fbd1e321a7640606e310f5b0e7a30bd5d51eaeaf40888b6bf257c2262,1f852e460bce749b,one_bar_late,2.5,1,60,validation,ok,-3762.0906071098216,-3784.5906071098216,-0.037845906071098216,0.06587479594079158,-14.477719731365513,-0.03812035129819051,0.5041666666666667,3,3,7.5,15.0,1,10,240
SYN,revert-72-1.5,c0483c0fbd1e321a7640606e310f5b0e7a30bd5d51eaeaf40888b6bf257c2262,1f852e460bce749b,one_bar_late,2.5,1,60,historical_final,ok,0.0,0.0,0.0,0.0,,0.0,0.0,0,0,0.0,0.0,0,10,240
SYN,revert-72-1.5,c0483c0fbd1e321a7640606e310f5b0e7a30bd5d51eaeaf40888b6bf257c2262,1f852e460bce749b,one_bar_late,2.5,1,60,2024,ok,-4075.1158413511803,-4105.11584135118,-0.041051158413511805,0.046824313744708565,-7.364330688401537,-0.04132560364060409,0.18888888888888888,4,4,10.0,20.0,2,30,720
SYN,flat,baseline-flat,87d908894be73048,gross_reference,0.0,0,0,whole,ok,0.0,0.0,0.0,0.0,,0.0,0.0,0,0,0.0,0.0,0,30,720
SYN,flat,baseline-flat,87d908894be73048,gross_reference,0.0,0,0,development,ok,0.0,0.0,0.0,0.0,,0.0,0.0,0,0,0.0,0.0,0,10,240
SYN,flat,baseline-flat,87d908894be73048,gross_reference,0.0,0,0,validation,ok,0.0,0.0,0.0,0.0,,0.0,0.0,0,0,0.0,0.0,0,10,240
SYN,flat,baseline-flat,87d908894be73048,gross_reference,0.0,0,0,historical_final,ok,0.0,0.0,0.0,0.0,,0.0,0.0,0,0,0.0,0.0,0,10,240
SYN,flat,baseline-flat,87d908894be73048,gross_reference,0.0,0,0,2024,ok,0.0,0.0,0.0,0.0,,0.0,0.0,0,0,0.0,0.0,0,30,720
SYN,flat,baseline-flat,7eed861d91711997,base,2.5,1,1,whole,ok,0.0,0.0,0.0,0.0,,0.0,0.0,0,0,0.0,0.0,0,30,720
SYN,flat,baseline-flat,7eed861d91711997,base,2.5,1,1,development,ok,0.0,0.0,0.0,0.0,,0.0,0.0,0,0,0.0,0.0,0,10,240
SYN,flat,baseline-flat,7eed861d91711997,base,2.5,1,1,validation,ok,0.0,0.0,0.0,0.0,,0.0,0.0,0,0,0.0,0.0,0,10,240
SYN,flat,baseline-flat,7eed861d91711997,base,2.5,1,1,historical_final,ok,0.0,0.0,0.0,0.0,,0.0,0.0,0,0,0.0,0.0,0,10,240
SYN,flat,baseline-flat,7eed861d91711997,base,2.5,1,1,2024,ok,0.0,0.0,0.0,0.0,,0.0,0.0,0,0,0.0,0.0,0,30,720
SYN,flat,baseline-flat,72ceefea8f3781b9,higher_cost,5.0,2,5,whole,ok,0.0,0.0,0.0,0.0,,0.0,0.0,0,0,0.0,0.0,0,30,720
SYN,flat,baseline-flat,72ceefea8f3781b9,higher_cost,5.0,2,5,development,ok,0.0,0.0,0.0,0.0,,0.0,0.0,0,0,0.0,0.0,0,10,240
SYN,flat,baseline-flat,72ceefea8f3781b9,higher_cost,5.0,2,5,validation,ok,0.0,0.0,0.0,0.0,,0.0,0.0,0,0,0.0,0.0,0,10,240
SYN,flat,baseline-flat,72ceefea8f3781b9,higher_cost,5.0,2,5,historical_final,ok,0.0,0.0,0.0,0.0,,0.0,0.0,0,0,0.0,0.0,0,10,240
SYN,flat,baseline-flat,72ceefea8f3781b9,higher_cost,5.0,2,5,2024,ok,0.0,0.0,0.0,0.0,,0.0,0.0,0,0,0.0,0.0,0,30,720
SYN,flat,baseline-flat,9e2894c228524c06,one_bar_late,2.5,1,60,whole,ok,0.0,0.0,0.0,0.0,,0.0,0.0,0,0,0.0,0.0,0,30,720
SYN,flat,baseline-flat,9e2894c228524c06,one_bar_late,2.5,1,60,development,ok,0.0,0.0,0.0,0.0,,0.0,0.0,0,0,0.0,0.0,0,10,240
SYN,flat,baseline-flat,9e2894c228524c06,one_bar_late,2.5,1,60,validation,ok,0.0,0.0,0.0,0.0,,0.0,0.0,0,0,0.0,0.0,0,10,240
SYN,flat,baseline-flat,9e2894c228524c06,one_bar_late,2.5,1,60,historical_final,ok,0.0,0.0,0.0,0.0,,0.0,0.0,0,0,0.0,0.0,0,10,240
SYN,flat,baseline-flat,9e2894c228524c06,one_bar_late,2.5,1,60,2024,ok,0.0,0.0,0.0,0.0,,0.0,0.0,0,0,0.0,0.0,0,30,720
SYN,always_long,baseline-always-long,5a3bfc33a3c012aa,gross_reference,0.0,0,0,whole,ok,4057.501695977153,4057.501695977153,0.04057501695977153,0.09582234612586964,3.5568962381110527,-0.04876426619036131,0.9986111111111111,3,3,0.0,0.0,2,30,720
SYN,always_long,baseline-always-long,5a3bfc33a3c012aa,gross_reference,0.0,0,0,development,ok,5079.213209616901,5079.213209616901,0.05079213209616901,0.11026823724768593,11.607710078364565,-0.012288489839763914,1.0,1,1,0.0,0.0,1,10,240
SYN,always_long,baseline-always-long,5a3bfc33a3c012aa,gross_reference,0.0,0,0,validation,ok,-2462.279210998713,-2462.279210998713,-0.02462279210998713,0.09331298192925619,-6.64960382084986,-0.038805317551771,0.9958333333333333,2,2,0.0,0.0,1,10,240
SYN,always_long,baseline-always-long,5a3bfc33a3c012aa,gross_reference,0.0,0,0,historical_final,ok,1440.5676973589652,1440.5676973589652,0.014405676973589653,0.02746204415805018,13.219083679466129,-0.001257849958302835,1.0,0,0,0.0,0.0,0,10,240
SYN,always_long,baseline-always-long,5a3bfc33a3c012aa,gross_reference,0.0,0,0,2024,ok,4057.501695977153,4057.501695977153,0.04057501695977153,0.09582234612586964,3.5568962381110527,-0.04876426619036131,0.9986111111111111,3,3,0.0,0.0,2,30,720
SYN,always_long,baseline-always-long,c806aafcf85bf599,base,2.5,1,1,whole,ok,4057.501695977153,4035.001695977153,0.04035001695977153,0.09587287858979189,3.535307872754013,-0.04890870941469718,0.9986111111111111,3,3,7.5,15.0,2,30,720
SYN,always_long,baseline-always-long,c806aafcf85bf599,base,2.5,1,1,development,ok,5079.213209616901,5071.713209616901,0.05071713209616901,0.11028326293782925,11.588990883811219,-0.012289356210348353,1.0,1,1,2.5,5.0,1,10,240
SYN,always_long,baseline-always-long,c806aafcf85bf599,base,2.5,1,1,validation,ok,-2462.279210998713,-2477.279210998713,-0.024772792109987132,0.09337445221489937,-6.685708417704247,-0.03895531755177101,0.9958333333333333,2,2,5.0,10.0,1,10,240
SYN,always_long,baseline-always-long,c806aafcf85bf599,base,2.5,1,1,historical_final,ok,1440.5676973589652,1440.5676973589652,0.014405676973589653,0.02746204415805018,13.219083679466129,-0.001257849958302835,1.0,0,0,0.0,0.0,0,10,240
SYN,always_long,baseline-always-long,c806aafcf85bf599,base,2.5,1,1,2024,ok,4057.501695977153,4035.001695977153,0.04035001695977153,0.09587287858979189,3.535307872754013,-0.04890870941469718,0.9986111111111111,3,3,7.5,15.0,2,30,720
SYN,always_long,baseline-always-long,9054d4abf2558515,higher_cost,5.0,2,5,whole,ok,4063.9462805696166,4018.9462805696166,0.040189462805696165,0.09594149981709159,3.518722223557603,-0.04905020127146174,0.9986111111111111,3,3,15.0,30.0,2,30,720
SYN,always_long,baseline-always-long,9054d4abf2558515,higher_cost,5.0,2,5,development,ok,5085.6577942093645,5070.6577942093645,0.05070657794209364,0.11028548038083635,11.586346269048818,-0.012289478137601848,1.0,1,1,5.0,10.0,1,10,240
SYN,always_long,baseline-always-long,9054d4abf2558515,higher_cost,5.0,2,5,validation,ok,-2462.279210998713,-2492.279210998713,-0.02492279210998713,0.09343857905777118,-6.7215744021895105,-0.039105317551771004,0.9958333333333333,2,2,10.0,20.0,1,10,240
SYN,always_long,baseline-always-long,9054d4abf2558515,higher_cost,5.0,2,5,historical_final,ok,1440.5676973589652,1440.5676973589652,0.014405676973589653,0.02746204415805018,13.219083679466129,-0.001257849958302835,1.0,0,0,0.0,0.0,0,10,240
SYN,always_long,baseline-always-long,9054d4abf2558515,higher_cost,5.0,2,5,2024,ok,4063.9462805696166,4018.9462805696166,0.040189462805696165,0.09594149981709159,3.518722223557603,-0.04905020127146174,0.9986111111111111,3,3,15.0,30.0,2,30,720
SYN,always_long,baseline-always-long,d31f1b01a844ddb0,one_bar_late,2.5,1,60,whole,ok,4104.136041007587,4081.6360410075868,0.040816360410075865,0.09600505824209228,3.5712433669907986,-0.048887278255570786,0.9972222222222222,3,3,7.5,15.0,2,30,720
SYN,always_long,baseline-always-long,d31f1b01a844ddb0,one_bar_late,2.5,1,60,development,ok,5125.847554647335,5118.347554647335,0.051183475546473345,0.11021066788416088,11.703255306707906,-0.012283971174602025,0.9958333333333333,1,1,2.5,5.0,1,10,240
SYN,always_long,baseline-always-long,d31f1b01a844ddb0,one_bar_late,2.5,1,60,validation,ok,-2462.279210998713,-2477.279210998713,-0.024772792109987132,0.09337445221489937,-6.685708417704247,-0.03895531755177101,0.9958333333333333,2,2,5.0,10.0,1,10,240
SYN,always_long,baseline-always-long,d31f1b01a844ddb0,one_bar_late,2.5,1,60,historical_final,ok,1440.5676973589652,1440.5676973589652,0.014405676973589653,0.02746204415805018,13.219083679466129,-0.001257849958302835,1.0,0,0,0.0,0.0,0,10,240
SYN,always_long,baseline-always-long,d31f1b01a844ddb0,one_bar_late,2.5,1,60,2024,ok,4104.136041007587,4081.6360410075868,0.040816360410075865,0.09600505824209228,3.5712433669907986,-0.048887278255570786,0.9972222222222222,3,3,7.5,15.0,2,30,720
